Date,isf,BTC-USD_logret,EEM_logret,ETH-USD_logret,EWZ_logret
2021-01-05,0.293907315753013,0.06128001171320478,0.023753812496304212,0.05587097093740991,0.005726170395119178
2021-01-06,0.18088403453183957,0.08002182823088061,-0.008486529963337944,0.0929151527017415,-0.004086572401195613
2021-01-07,0.1074208718709755,0.06687092425852742,0.009425307823839293,0.015263361201059275,0.014365333541266711
2021-01-08,0.2772717888362025,0.0355928898794487,0.026110047952863487,-0.0012090062260797856,0.014426965107280625
2021-01-12,0.07980649044231544,-0.0473164778588287,0.009772550148709444,-0.04379332533636267,0.04458312962234649
2021-01-13,0.013929332618255665,0.09533972073625589,0.00219933967901293,0.0803539938065793,-0.019897384808169247
2021-01-14,0.05603222304897172,0.048921612778852486,0.009293876299743533,0.07471028649725438,0.033981913517489824
2021-01-15,-0.17523000011792267,-0.06216649897230796,-0.014249487751079317,-0.03901147331331257,-0.04557069311722999
2021-01-20,-0.16629652266969475,-0.014579216975338103,0.017404212552912374,0.003607920734780844,-0.0005454372601638484
2021-01-21,-0.2596264996363551,-0.14252813081835994,0.0017771624581259025,-0.20899969144053393,-0.01872302013325899
2021-01-22,0.025063311766137103,0.06833341147530216,-0.008738401028880342,0.09756436791809889,-0.026472918675570598
2021-01-26,-0.13388538288474233,0.006266383460683916,-0.007315526655178308,0.024348501333298012,0.024890427720786736
2021-01-27,-0.05577210385071714,-0.06787434522440919,-0.028150512655339098,-0.07962918564204995,-0.016811842118554625
2021-01-28,-0.15642841253446102,0.0950202595471698,0.006975066151063128,0.061361000644112124,0.019633519929680064
2021-01-29,-0.0386520216867376,0.025090070847817985,-0.02519104590945777,0.0368589517765382,-0.037317837152505556
2021-02-02,0.17597144059199926,0.057167938879420434,0.012884508653467975,0.10143315298098682,0.021530635682561826
2021-02-03,0.1307044536754289,0.053773897801538996,0.005036121320040054,0.09182206907112031,0.009761636045796631
2021-02-04,-0.024024732326497808,-0.01467867670382311,0.0003588095076173055,-0.04064042673188076,-0.01538279734028291
2021-02-05,0.10103199769934054,0.03245885330843299,0.008571497320131068,0.07481466551562195,0.020918388178240745
2021-02-09,-0.28173154791733895,0.0061426193854515,0.01059341563486535,0.012188107903901057,-0.007194383229610534
2021-02-10,-0.14155947358279405,-0.03420320342962812,0.003506195749382188,-0.013547895059854044,-0.008646020619262512
2021-02-11,0.014545016029814548,0.06446761605839371,0.010619004535102014,0.022423899594163507,0.00725639099182548
2021-02-12,0.04796113842135736,-0.008478464657924508,0.0008654341514853481,0.03293883410355632,0.0019447507370087904
2021-02-17,-0.1479042209133687,0.058214152169521576,0.0003452621321561121,0.03713900792867221,-0.0033174701087407676
2021-02-18,0.04865960781176168,-0.009038226589304248,-0.013898816575613275,0.04702035790880112,-0.014786226994524322
2021-02-19,0.0908056240850419,0.07828513543693166,0.006452091982405538,0.011656276525288275,0.002806470219510648
2021-02-23,-0.09461389475468876,-0.10458524450100902,0.004467048963678976,-0.12652682176855595,0.026825383855550524
2021-02-24,0.029844807329537898,0.017881495738120444,-0.00643887747681141,0.03527146325136985,0.010128968759682477
2021-02-25,0.1610617517228952,-0.053969759252051705,-0.02305215267129881,-0.09734201269119057,-0.050490541104958424
2021-02-26,0.23438643717300717,-0.016142075456887308,-0.013494962417490595,-0.020310561531698162,-0.034507443633424326
2021-03-02,0.1835236487131478,-0.025554925208490772,-0.009836203040198917,-0.047173558296895124,0.00844419951597321
2021-03-03,0.07973214738129274,0.043664727693901485,-0.0020156256250447144,0.05427137002269247,0.0024883064984500664
2021-03-04,0.04748950285736368,-0.0399061221991278,-0.023569924175890038,-0.021772107057521358,0.004030449364776052
2021-03-05,-0.08394933576425553,0.007511420176535919,0.010833324320668308,-0.005618714183079258,0.02051823839162062
2021-03-09,0.12604781921225455,0.048156840253235314,0.021717440151502364,0.017998288711284793,0.0070624042714071055
2021-03-10,0.22029771449418978,0.021374179798027783,-0.004493475782312764,-0.03757111014038683,0.03365627967559111
2021-03-11,0.2045325216861209,0.031573000390297756,0.03103862780365488,0.014911169281362695,0.04061144849933668
2021-03-12,0.07347445280254514,-0.008216872853115568,-0.017988602534387405,-0.030067889946876186,-0.011349914330204157
2021-03-16,0.3300804255788745,0.015929471547609108,0.004240785989090947,0.008486249424844293,-0.00424610819606207
2021-03-17,-0.08187445160531945,0.03572418708035779,0.0012873534394674659,0.009077543107777147,0.02846630833285743
2021-03-18,0.06335259124075066,-0.017339151916613386,-0.0185466949539513,-0.02251388011599787,-0.012485356495278302
2021-03-19,0.06956751675424991,0.008394319050580128,0.012279368353846395,0.019314164260592667,0.024232776558451147
2021-03-23,-0.13206055841417919,0.0038401154329438564,-0.019287374004331236,-0.00752757122376337,-0.01553667786643894
2021-03-24,-0.025043170128625468,-0.036551757777657644,-0.023143258363169123,-0.05211144586696932,-0.03306089265318473
2021-03-25,0.1790119090445568,-0.020485432915556448,0.004633138659887648,0.0012204074750494925,0.00929376563488856
2021-03-26,0.07210799894530567,0.06428841931989358,0.025669399431911426,0.06519969619018433,-0.0006170279166028946
2021-03-30,0.11375396082540462,0.020014609919984168,0.003208389500695399,0.014376012643932954,0.012891495032400654
2021-03-31,0.02831153434364979,1.935944759335448e-05,0.005074751873019426,0.03843234153645627,0.019928165525041373
2021-04-01,0.09793727355615653,0.0029992328786879927,0.00970148028099739,0.030248844074212137,-0.025126116677684825
2021-04-06,-0.01752337398345957,-0.01476389754962159,0.005532919467302979,0.004965007167249876,0.010958342002047365
2021-04-07,-0.16906930260592148,-0.037528870853164246,-0.014823378359887469,-0.07207089820407934,-0.006797784396689009
2021-04-08,-0.05641792918691841,0.03978767570422682,0.008179968504902636,0.05790117629552684,0.018219706974211967
2021-04-09,0.012597662949271195,-0.001354549836114697,-0.008553288398764616,-0.007914532883689318,-0.022976069902946258
2021-04-13,-0.12823892594657343,0.05852714345026763,0.004124592370787332,0.07205233206732248,0.003870838587477289
2021-04-14,-0.10653835958930363,-0.006219938149170958,0.005038603089969701,0.057433962894236565,0.02029765202745771
2021-04-15,-0.1475805217804602,0.003232251116976691,0.009080072624182946,0.033918261330721,0.01129309885672824
2021-04-16,-0.09733894029803879,-0.027886621874568536,0.0025790534711307707,-0.03521615090518885,0.009456915903374228
2021-04-20,0.1782063510455666,0.013347500558966063,-0.00815897222143209,0.07298952114067536,-0.007113512711416229
2021-04-21,0.12484330254685967,-0.04651974554182734,0.0061254615029230925,0.014714236206438901,0.0022817756028112755
2021-04-22,-0.13116171492124473,-0.040581883746807136,-0.003522189690880543,0.016267604548972796,0.008510949282295685
2021-04-23,-0.07049409549353365,-0.013001302685204313,0.014380847095534105,-0.01676060119782354,0.003946832562503109
2021-04-27,0.17758287365685516,0.01854831914865377,-0.0005487749037747566,0.04941354447385342,-0.01010680409436661
2021-04-28,0.1292061397715081,-0.0037942553737364284,0.007471895723572667,0.030881028242382532,0.03302657957240389
2021-04-29,-0.03831468940368214,-0.023429673825133245,-0.002363343445099948,0.0038147732329112433,-0.002460014880070418
2021-04-30,0.1301768738885905,0.07541518772096198,-0.01781006391832538,0.005905923178421575,-0.027186079911542885
2021-05-04,0.22763947703202386,-0.06999363622377694,-0.011364632228471241,-0.053105772046597124,-0.013536659545510683
2021-05-05,-0.002313783205076747,0.07389708647447689,0.0046732239671833,0.07948024985726106,0.028273392112302707
2021-05-06,0.08686157643191399,-0.018055093557641698,0.00946646670721531,-0.009097400160043746,0.021300573903813038
2021-05-07,0.3372573840371229,0.016877096781434925,0.010292284059628991,-0.0017636792576329369,0.02666118905156142
2021-05-11,-0.01168241780154234,0.015009957344289306,-0.0027966286126136957,0.053308361725376514,0.0107598079017812
2021-05-12,-0.175730499039757,-0.142967146773037,-0.02802138777736704,-0.09633444649972905,-0.0429341511543843
2021-05-13,-0.08805458313993732,0.011442928110092723,-0.0013449029175158585,-0.018851437590013696,0.00760037738278204
2021-05-14,-0.1667692404289104,0.003300186759766157,0.017911865912036775,0.09344729207531106,0.013697200379295636
2021-05-18,0.008241289454466283,-0.014531934084628221,0.01333210935282489,0.029322276578025004,0.0026350528007494482
2021-05-19,-0.015347859540096542,-0.14810707635188664,-0.002988798324987128,-0.31745903048406077,-0.013245252839087939
2021-05-20,0.10558864164247907,0.0972750161239599,0.005782902402884471,0.12355699930846506,0.005053793246966824
2021-05-21,-0.06112841664528179,-0.08913981683679192,-0.011599603562772946,-0.13584748911494268,-0.01793633663770186
2021-05-25,0.001742368883143379,-0.007878782581024249,0.009843173475129051,0.023565669974520264,-0.01389651656384791
2021-05-26,0.05026115934303546,0.022961565812768543,0.007365147339082627,0.06510221993494894,0.014692273489631246
2021-05-27,0.14443118244543174,-0.02205718107153495,0.00018339000425679868,-0.05413059602708892,0.012910290302593034
2021-05-28,-0.03661113245665776,-0.07393611150144239,0.006399124291643886,-0.12294673867439189,0.01841560110976538
2021-06-02,0.10615341239758026,0.02397778870231388,0.0016058367472983623,0.027197009476149905,0.02207050933575527
2021-06-03,0.00533943572818972,0.042556616951370016,-0.010754740711934961,0.05359841571873146,-0.009504297613520266
2021-06-04,0.049283761141825186,-0.06084038726712561,0.008970361133776663,-0.06024614794219391,0.02011946541330744
2021-06-08,0.22674213102148089,-0.002627775063457771,-0.004858492987208968,-0.02851748185124347,-0.005030439217264735
2021-06-09,0.022368649758826187,0.10947410238213756,-0.002890077333550344,0.03544404658570407,-0.0060221561337830696
2021-06-10,0.11126873963847803,-0.017354742993128305,0.007980444157063248,-0.053853289373844766,0.0030862504818117064
2021-06-11,-0.0266944354030864,0.017067578415986145,-0.003430530844754901,-0.04881497348290394,-0.0145339224676259
2021-06-15,0.17361968288205215,0.004658453327527578,-0.006877768725766849,0.028375605917595616,0.0036661833993451303
2021-06-16,0.18032918936489514,-0.052307031596144006,-0.013715246641003752,-0.097805436490534,-0.011779371659991376
2021-06-17,0.23380387654570206,-0.007684760787668957,0.005508786377841097,0.0018306693131994191,-0.005942165344281904
2021-06-18,0.39753036193236146,-0.06140159139173661,-0.006982904127028018,-0.06095582169829324,-0.003482458145170404
2021-06-22,-0.10050517164092286,0.025833047609393114,-0.004601054778418074,-0.007173036650366665,0.008778215766428977
2021-06-23,-0.05663788243711093,0.03676667515561315,0.00606887269703828,0.059420100064373885,-0.0024307995059748722
2021-06-24,0.022066297653056597,0.027475699857643344,0.009125895560420663,-0.0006435230573685713,0.02095208180526243
2021-06-25,0.06548867365327052,-0.09130465397426267,0.008322824655306232,-0.0922558354753354,-0.02216956369299324
2021-06-29,0.1633397182630584,0.040785121124139886,-0.0007203345142110126,0.038260655171505925,-0.004137675536975045
2021-06-30,0.4505338011209236,-0.02332520296585249,-0.006506467382695439,0.05131732097104266,-0.011283020098490545
2021-07-01,0.3858697367195826,-0.04281824560087459,-0.0056370526561051355,-0.07338593655568243,-0.02118974592181156
2021-07-02,0.1658991063569562,0.00963202091343982,-0.0010945000240934113,0.017091336144911744,0.014507399359892478
2021-07-07,0.15867727009254168,-0.011157826650301255,-0.0011155735560175472,-0.004102550428395551,0.010639690918025526
2021-07-08,0.1123434403005088,-0.029311778537964177,-0.021053421084144527,-0.08805107932235774,-0.015871280906102184
2021-07-09,-0.010649325713696423,0.02761736344787324,0.017139484519229097,0.012499704988266244,0.012768747518820227
2021-07-13,0.060143008487185394,-0.013782086425800635,0.0009323449749868498,-0.04860993272705779,0.0010148301852415207
2021-07-14,-0.0924530136695866,0.0036725998364308425,0.004277880906986701,0.027577542543094778,0.021328202404008414
2021-07-15,-0.021370063523908002,-0.032249468356842406,0.0024097343949730475,-0.04259022453127296,-0.011485652792538038
2021-07-16,0.050290228536101655,-0.01136653085848622,-0.007806565653908791,-0.01624313636360114,-0.01339932857781211
2021-07-20,-0.1028589717400031,-0.033338555734212405,0.0032212590607630584,-0.016526023993509314,0.008947447012847769
2021-07-21,-0.005981164130026577,0.07443417235693212,0.006411312784645174,0.1077983664489609,0.014564511733230852
2021-07-22,0.0813490707388523,0.006283788882169604,0.0018780638915507019,0.01704745171080369,-0.001808914482496956
2021-07-23,0.20078572942046868,0.038503942271904575,-0.014932666178599226,0.047996849426457225,-0.007790240287997057
2021-07-27,0.03148931902523909,0.0539428534880362,-0.020396782885310407,0.02867411582796314,-0.009283366440923884
2021-07-28,0.10006505573505192,0.01483512651645551,0.0267828369833461,-0.0007782951691405303,0.02582942467192242
2021-07-29,0.14479069284369095,0.00031287370059631146,0.005002959781113679,0.036096420064220765,0.0010092674571294067
2021-07-30,0.5743844134861471,0.0541722306526184,-0.00964319344210201,0.035484783052220324,-0.05842025676563233
2021-08-03,0.37361089294790806,-0.0271224912051319,0.00422425388792163,-0.04217882877647995,0.0026265995905989693
2021-08-04,0.22295745531848024,0.04094316463847637,0.005160152653419068,0.08509878800758405,-0.012671419139519541
2021-08-05,0.2539413366753857,0.027838357371246687,-0.0015261419170148976,0.03700347704203304,-0.009074005801345607
2021-08-06,0.09026552735367356,0.04653814062641624,-0.0084356692742548,0.022249880340911833,0.0072122846606426745
2021-08-10,0.3099596053969096,-0.01697414139260822,0.0013423961129354865,-0.008293840284283538,0.0037311305342549155
2021-08-11,-0.0046553953438370765,0.0001887605723412682,0.0026794802137624506,0.007153275977337787,-0.0018637500343366526
2021-08-12,0.09726790013062897,-0.025891753544200504,-0.008830924223764854,-0.03893450520374174,-0.01828987509520225
2021-08-13,-0.11235908519866793,0.07300947971891747,-0.0025099277453343055,0.0876507144106246,0.004063440899211114
2021-08-17,-0.06260132739332944,-0.02886919903458737,-0.018507893770341982,-0.045918101850540585,-0.008857059425642543
2021-08-18,-0.10858462365767887,0.002364966650012081,0.0015883140662112155,0.0017378470909151286,-0.03163210636850593
2021-08-19,0.028914408753851262,0.04188585333234935,-0.017210612823834223,0.052443987656742644,-0.011253888564110552
2021-08-20,-0.050906945856871624,0.05459790698385328,-0.0008076713443866024,0.03222504353107742,0.01154067084826447
2021-08-24,0.24891886349655076,-0.03784489433094968,0.022433026850134184,-0.045234914863446364,0.04249991969347325
2021-08-25,0.2558102282101008,0.02596012195042943,0.0011669915474693128,0.016400535612025917,0.015041905029973284
2021-08-26,-0.05879777780316589,-0.0421022974523753,-0.009569597752795467,-0.039399594678693924,-0.023065399332490067
2021-08-27,0.002098646459454928,0.04409943030226678,0.012287044022791453,0.05346662166628677,0.026858193229890095
2021-08-31,-0.011687449144667884,0.002371071858731938,0.01363958799261793,0.06290900442875601,-0.00848055624647307
2021-09-01,0.07094431579280217,0.03500565378801719,0.012702831983396645,0.11047670605029397,0.006844783741878696
2021-09-02,0.16794711282491742,0.00979272478817146,-0.0045315872398128485,-0.011497420215943173,-0.01928438381918607
2021-09-03,-0.016927261251315356,0.014044128006187486,0.005284967000401593,0.03870954193797657,-0.0027856800401551266
2021-09-08,0.17371490370899276,-0.015494793572991005,-0.014706251483598436,0.020487104285756428,-0.058807021231159856
2021-09-09,-0.020448702850178663,0.006488390533953229,-0.0019011087693120098,-0.02021110853351262,0.032116199011028974
2021-09-10,0.11479446105313844,-0.03303518664446581,-0.0011423044198455503,-0.06504453354220181,-0.014917037843467746
2021-09-14,0.008267951649329315,0.046272006777909304,-0.008395430308405309,0.04279574125220146,-0.009950312527920599
2021-09-15,0.17534619073364022,0.022754601314508963,-0.00019164734185380094,0.05285190318499516,-0.005443331069818254
2021-09-16,0.04699737236179391,-0.0081907394359386,-0.011371287639361516,-0.012241805357654444,-0.016510062856878536
2021-09-17,0.10174930767189488,-0.010854079709278335,-0.00427357079153265,-0.04958267329461904,-0.02783738149682877
2021-09-21,-0.3547857581149167,-0.051488267863326775,0.0073741915400438824,-0.06801426341716456,0.01960834109463209
2021-09-22,-0.3355945754756292,0.06839960199678301,0.012432358539175795,0.10740224120202764,0.0147572403798894
2021-09-23,-0.23050196796715677,0.02985630902322461,0.007813932525471653,0.02491734340194673,0.013658197547411932
2021-09-24,-0.2816175767552524,-0.04686219528987527,-0.011941099255810444,-0.0735825168405753,-0.01425636917480365
2021-09-28,-0.045503428798406846,-0.028852332947741827,-0.01299727075108398,-0.04419205837126463,-0.036967655421931485
2021-09-29,0.16131825022815083,0.012828924814572349,-0.00935983971867468,0.016199335296305763,0.006205431895477446
2021-09-30,-0.04950391123405325,0.05218276011816411,0.007971208930623586,0.050750481317291936,-0.006205431895477315
2021-10-01,0.125344792215642,0.09420841893127979,-0.000992890558029582,0.09702570492125512,0.02913880127615335
2021-10-05,0.0749945279863956,0.047747610534684515,0.007033178648442008,0.04013796243015964,-0.00594575912046979
2021-10-06,-0.005336897808716767,0.07201410137731079,-0.005622528265264289,0.01747973872931597,0.004696839056649879
2021-10-07,0.022849950882317817,-0.028498794333346032,0.019344268399197267,0.0020681610706543684,-0.005010894804479403
2021-10-08,-0.013442479290723196,0.0030037607441677503,0.0037456029328470372,-0.006771971181186702,0.019587131941224554
2021-10-12,0.05219659733402912,-0.02543576350608531,-0.005139431658932432,-0.014999231849763954,-0.002492995121877251
2021-10-13,0.3078344774850524,0.023978814816483514,0.01377696761644121,0.032016263514870025,0.016094470295856762
2021-10-14,-0.016215441318234713,-0.0013872457018979745,0.003122660496852306,0.048658746194800685,-0.0030751264402823983
2021-10-15,-0.010811564001941117,0.0718874583745788,0.012008677078325862,0.020035739475399373,0.024038813165660367
2021-10-19,0.0002728396901957829,0.03541344366049976,0.013229902078682795,0.03380434033523954,-0.04512967776222769
2021-10-20,-0.041040082101251235,0.026577834542035658,-0.00019035212298660587,0.06932166672355176,0.006663487688782411
2021-10-21,-0.07945713993993724,-0.059027668390729156,-0.006498644803486648,-0.02476753487036384,-0.04926458083671485
2021-10-22,0.06824779494074519,-0.02470225108270476,-0.0021115164513483193,-0.020971750100473262,-0.0006645804079381373
2021-10-26,0.1379760423867223,-0.04337718610106227,-0.005174905787147157,-0.020787698018054492,-0.023019243601717445
2021-10-27,0.20517056607122613,-0.03166384386368273,-0.008103453348480484,-0.04983931112215124,0.0029472150883545012
2021-10-28,0.22685901323631188,0.03593449158802419,0.0009680899540255799,0.0869566596858413,-0.016153392656812707
2021-10-29,0.06592164155213551,0.026144375505153635,-0.014621444153352533,0.0292888727711617,-0.025922737635462653
2021-11-02,0.11840885684731786,0.0357758773484733,-0.009003692534599657,0.05842034560426265,-0.018293328611049015
2021-11-03,0.10898772720699189,-0.004062805617150114,0.00470750533657977,0.004872733178223109,0.02665045336480732
2021-11-04,0.24210449443833715,-0.02439903425460908,-0.002350940514973858,-0.015281502662407579,-0.025966828567518092
2021-11-05,0.10432203898380099,-0.005328129187967981,-0.001177588236243855,-0.011321819445762802,0.022966273014428943
2021-11-09,0.18338837386798315,-0.008845099182201409,-0.0038994179043377866,-0.016134694668512174,0.016244243025817857
2021-11-10,0.23619508915193407,-0.02995816542044536,-0.004110672626151915,-0.021106741316112072,0.0006576487641867984
2021-11-11,0.26909064852801523,-0.0006967481072823624,0.017114371977313813,0.02011691639529473,0.033287954109687996
2021-11-12,0.34950906266091086,-0.012300437518712916,0.002695908910117758,-0.01346528379168726,-0.019256271523822116
2021-11-16,0.1544696274384312,-0.05492245425158357,0.0013496431368324436,-0.07780164664278183,-0.023939406645045756
2021-11-17,0.10273077557003958,0.00343096492223367,-0.0052158932016860005,0.01675224011100887,-0.014037788200974689
2021-11-18,0.09635720417883335,-0.058423750403308876,-0.012277214644872346,-0.06926861053318167,-0.019028626233681067
2021-11-19,0.15199371002785275,0.02046697304630566,-0.0015698657758627323,0.0717640730233107,0.0006858725074398686
2021-11-23,-0.07580686703772024,0.022481248103212805,-0.0009904188375577298,0.059882469847224416,0.012608959517213959
2021-11-24,0.10764152550467142,-0.02263871996463873,-0.0013881001715271338,-0.023491400765718547,0.009772586297936918
2021-11-30,0.03910542242249033,-0.013955922421075117,-0.0010233415375189275,0.04107277003664529,-0.012000999851418
2021-12-01,-0.037898196547653244,0.003928780734843055,0.0036787012235976317,-0.00965216974274941,-0.016345432789470118
2021-12-02,0.11032322451333698,-0.013227302108743101,0.01216556714331241,-0.016638228436503717,0.041214810782821014
2021-12-03,0.07200589441259385,-0.05233158566534184,-0.014207599607471757,-0.06658343260740118,0.001680911375294299
2021-12-07,-0.023969590213762916,0.002319467736866812,0.015697758386148907,-0.010070823926960222,0.017071835262423993
2021-12-08,-0.09630399684773623,-0.0038592862213869153,0.003985588978276239,0.0283981686841627,0.018384734491855265
2021-12-09,-0.015412448312817635,-0.057721555808476536,-0.004784633664056446,-0.07470126889815015,-0.026556021609755495
2021-12-10,0.03732058138889671,-0.009035819421615396,0.0007990446857801454,-0.05265581300515999,0.006868444271474716
2021-12-14,-0.14748250048160483,-0.002674827620426481,-0.002266383492857563,-0.010302372946123368,-0.009197170615807465
2021-12-15,-0.24681659397904832,0.04783877809998121,-0.0028920879941102076,0.07034177960891322,0.003193124122234277
2021-12-16,-0.2287014083774923,-0.025504064198459072,0.0012405530332698827,-0.014013495196179625,0.013720647581448352
2021-12-17,-0.15632688939161024,-0.031180093256039692,-0.004971033627109672,-0.02116468104642357,-0.011597300282196184
2021-12-21,0.1469597420301409,0.042928792887466996,0.01672278102055922,0.021729392067072688,0.0010907200810088627
2021-12-22,0.11118457163045035,-0.006315834406489169,0.0047566160036323175,-0.009537359345520004,0.013713790495894615
2021-12-23,-0.030090867937562882,0.043381939329586325,0.005144497309653433,0.031130875373133478,-0.005390893549126926
2021-12-28,0.046075277294843495,-0.062151426511976506,-0.0032745926165553426,-0.06040142319578915,-0.007135396549114847
2021-12-29,0.23182028406113903,-0.024336011956341844,-0.004520286965005037,-0.04640796995498094,-0.01915824232838268
2021-12-30,0.1555746510840989,0.01566773871313257,0.011390747164673342,0.023241539950406245,0.026125148371735577
2021-12-31,0.1672716141157187,-0.018649172756865187,-0.0049009564118954,-0.00844169203451989,0.0039264306967510005
2022-01-04,0.09336487035633095,-0.012138934663861074,-0.0034612259665679434,0.008649790399625644,-0.004395721108092054
2022-01-05,0.09035098181665638,-0.05206628845481275,-0.016451250590124675,-0.06637919922310019,-0.026787204596110063
2022-01-06,-0.016090351622647894,-0.009410297303589778,0.004551157609350978,-0.03788159613599658,0.009382875700146962
2022-01-07,0.010425176615533438,-0.037847988650375176,0.009040557047525445,-0.06814818392330264,0.018505216024979003
2022-01-11,0.46716421591429313,0.021633410637439378,0.02285012442308164,0.049055408505269085,0.036381024108183106
2022-01-12,0.22951771705690602,0.027993907251911834,0.01645722392168474,0.04059232704491726,0.030262706518236808
2022-01-13,0.2718076767526517,-0.03137582795207003,-0.014260450470316845,-0.03745437376600755,-0.0020819402607215784
2022-01-14,0.21661871483700726,0.011859664695822615,-0.00039906224698563994,0.01882036684483606,0.011053747692493314
2022-01-19,-0.2534735889961679,-0.01500991044287061,0.0042573953857241,-0.021790268306875832,0.03402850879586261
2022-01-20,-0.20990575119001903,-0.02581674309560386,0.005849733801824314,-0.031069137876988995,0.007997401564282504
2022-01-21,-0.20959197340077468,-0.10960468291543993,-0.01458710048320229,-0.15978661233704647,-0.006994155995002618
2022-01-25,0.28737568683634973,0.008142486826951165,-0.0018645803000455455,0.006365155947078696,0.029384538141611467
2022-01-26,0.1355084420233204,-0.0027608244495656064,-0.012731024980892926,0.004912804357988148,0.011776337719967177
2022-01-27,-0.0017865889874632418,0.007733837890785913,-0.01161935093992294,-0.018413426720136978,0.014528082137290616
2022-01-28,0.07581170199811102,0.017247505090414967,0.004875403391825942,0.049945386741980194,-0.0016038475609729988
2022-02-01,0.14068851067677784,0.006737318502634114,0.006123593134793376,0.037899015902413284,0.016933623964095208
2022-02-02,-0.09618592729181824,-0.04731073995912287,-0.0016292377056228175,-0.03991900189846375,-0.006864227178417577
2022-02-03,0.11788651641934911,0.005441215831991581,-0.010655765212047547,-0.0013768725863691853,-0.007858041116802661
2022-02-04,0.08082413850144422,0.11062688345744714,0.0024690865819590245,0.10762195699877354,-0.0003156559551553598
2022-02-08,-0.029625916898796616,0.006324808965338507,0.00963221454072068,-0.006340582774359995,0.001870534500678109
2022-02-09,0.004323509526732691,0.00498211368199733,0.015582510923855212,0.03673697694103097,0.0034196696707743295
2022-02-10,-0.03325489112595154,-0.01760339378138894,-0.0066485943645140985,-0.051293944903900664,0.006496583023244167
2022-02-11,0.07106899690901279,-0.026921126055171853,-0.015276750373238225,-0.05000275191289092,0.0027713125101108366
2022-02-15,0.08351363114101573,0.045630604487240684,0.021471016656690742,0.08065348682875585,0.01634419995538861
2022-02-16,0.15762032987150845,-0.01385529504989858,0.007256740678923162,-0.016503080476892827,0.009858154526104897
2022-02-17,-0.014561152344882367,-0.08108233071910446,-0.011717293352939459,-0.08203477627474137,-0.021939307490980966
2022-02-18,-0.17561576525326678,-0.012586526423760572,-0.010007430205615958,-0.03379564796746988,0.00030378065520044817
2022-02-23,0.16018281832126763,-0.026183634615420347,-0.011727851053619528,-0.01871675631661119,0.0017921596834267234
2022-02-24,0.26357717825566457,0.027399579951549815,-0.02086047975821196,0.0029710451975588936,-0.025080660933120787
2022-02-25,0.1973700678945765,0.022738450595305906,0.018329329153175814,0.0621049200162798,0.01156079108296062
2022-03-01,0.33142255258344877,0.026533380332524757,-0.013356450317950932,0.018088331874394136,0.00030412456029870144
2022-03-02,0.31081245738864083,-0.009753715935407227,0.0017334733210044103,-0.007553031531305678,0.03229924590462959
2022-03-03,0.3842065684656798,-0.03409447865241336,-0.014172467160818013,-0.03999069193805145,0.017214224281101177
2022-03-04,0.1518861384922608,-0.0812852755652355,-0.02040867543621573,-0.07976638173113913,-0.008132309412672685
2022-03-08,-0.1336754063123079,0.01758473821596099,0.0032543680268134647,0.03112913711734261,0.006337849230858986
2022-03-09,-0.31365419117503074,0.08046083301385845,0.02791947687163029,0.057694315245381184,0.026715713316285854
2022-03-10,-0.21826136013793548,-0.06254685680053026,-0.01890935453520242,-0.045620009985423746,0.0029249067194385883
2022-03-11,-0.03782212913496115,-0.016425482290646415,-0.021151310072793666,-0.018765736502640632,-0.025737474950532573
2022-03-15,0.050048855940814596,-0.00830247189817811,0.0014431160136581934,0.01130485477367516,-0.021439386588844887
2022-03-16,-0.15393145210190762,0.044865467674200424,0.07745080820706632,0.05635772436345545,0.03396440372557517
2022-03-17,-0.08877848347465277,-0.004690916877794194,-0.005129952828733761,0.015321408134705386,0.026364648811537602
2022-03-18,0.0063245238733740106,0.020538517974936225,0.014209697355324385,0.0453147147891774,0.02424541258128255
2022-03-22,-0.22614178320653971,0.03070379130997368,0.017974435547474653,0.025602884706367478,0.011188986831651279
2022-03-23,-0.04868876896546476,0.012531246090632069,-0.0066196699178656445,0.019299107399374765,0.014635047630324562
2022-03-24,0.030286773963251145,0.024593725965785046,0.00529936723528849,0.025084636099407708,0.017661151145684055
2022-03-25,-0.07515648702398794,0.008782716407665668,-0.007959478664647131,-0.0004475252385110946,0.014969283138473101
2022-03-29,0.06778931918224608,0.00714059973919024,0.01689197944098366,0.019397235082778932,0.012224536723427765
2022-03-30,-0.05628138383262385,-0.0085279952347302,-0.0028321252745808533,-0.004959336101979359,-0.0031745460153713126
2022-03-31,0.04184536663011727,-0.03291800954258311,-0.015166669738668329,-0.03105641221848376,0.0018530199299387742
2022-04-01,-0.018488741635935224,0.016183454010017757,0.016474779981743765,0.04990028142552588,0.0345712176403796
2022-04-05,-0.1399290143720931,-0.02314486060589607,-0.018583091702331005,-0.03157573691482621,-0.030835018694174113
2022-04-06,-0.21675652219334088,-0.05294570510057487,-0.01317244439941551,-0.07297264110082666,-0.017107773250606428
2022-04-07,0.11281796078347658,0.0068529242315328075,-0.007987735298248236,0.0192302835457947,0.0026511116704003176
2022-04-08,0.09550598500504866,-0.028353972258937266,0.0008906207572963876,-0.01282459540711932,0.002380102899304505
2022-04-12,0.011673525566096632,0.015198991801760951,-0.003160336414152122,0.016410516719180812,-0.0013306006793593725
2022-04-13,0.09923047988235528,0.02557641749549052,0.013028119745269798,0.028615310469097346,0.0013306006793594376
2022-04-14,0.17334342138838899,-0.030364373354540806,-0.013028119745269733,-0.03207532926840827,-0.009620627388722672
2022-04-19,-0.3402282431888049,0.016435294339235306,-0.005003287897864858,0.015093412368395846,-0.00830335043876079
2022-04-20,-0.0391807617201988,-0.003097867846210707,-0.005945503098553186,-0.008528432651459052,0.003222565226689431
2022-04-21,0.18987131476120628,-0.020684439708319406,-0.019454254226586507,-0.02976700072954131,-0.026624792712030658
2022-04-22,0.11147471410720014,-0.019611085251918917,-0.008926384243003956,-0.007608845779525937,-0.04418908497411307
2022-04-26,0.4712951659614475,-0.05959955698854747,-0.022111060835590942,-0.06915985471067161,-0.04530531560655772
2022-04-27,0.3089344311564304,0.029052734994520196,0.011597203801173517,0.028307356278774228,0.013111909232574668
2022-04-28,0.1040852116388101,0.013483906721524785,0.014309717464370032,0.016482452376458217,0.012942209753249332
2022-04-29,-0.10717548660650067,-0.02970235366082905,0.003545811358636786,-0.042192511152652254,-0.02023931522931225
2022-05-03,-0.19718414553785202,-0.02042224184090012,0.007298460075785979,-0.026215139510623486,0.01692839733506903
2022-05-04,-0.24001277077414976,0.050312677532991644,0.010732666282567513,0.05492824792191639,0.028196680700107193
2022-05-05,0.06439137946469187,-0.08194136472907673,-0.037597660613169194,-0.0673141307405492,-0.044177078604895545
2022-05-06,0.16559385174516522,-0.014713780107637159,-0.01383006146773585,-0.019924052577192305,-0.010158738342458576
2022-05-10,0.04912431357417443,0.023678692386482958,0.004768247599857263,0.042752999756193504,0.0016515260383896276
2022-05-11,0.2326483773547537,-0.06962706368652095,-0.007035238577981304,-0.12308346967034775,0.012137268090794675
2022-05-12,0.23383333478193036,0.0038423156405122537,-0.006577315499518648,-0.05475452838877209,0.013601246411411555
2022-05-13,0.045464813348261426,0.008069582993285078,0.027289361957720616,0.026518197304114123,0.025406308644528537
2022-05-17,0.0028459462353055687,0.018675310971867837,0.024250955706231925,0.03291374362591901,0.024730329021844136
2022-05-18,0.24892254616854573,-0.05768962303395388,-0.02425095570623186,-0.08677775891458377,-0.03124286817648342
2022-05-19,0.011914230410439236,0.054017472510896065,0.01574433588586514,0.05169143189887024,0.020936763189739246
2022-05-20,0.09324324242883544,-0.03742660999960213,0.004140948728535371,-0.028657989349473723,0.02408301155849617
2022-05-24,-0.13726657693884603,0.01894978176706928,-0.017522808119584548,0.003442483723002159,-0.0017236861107925727
2022-05-25,-0.06545799539768923,-0.0031485281301596416,0.004898199898243677,-0.017409489280917304,-0.0008628454515851373
2022-05-26,-0.12431902671864109,-0.010033699544872113,0.015515522915248527,-0.07521510273085805,0.02135317117494042
2022-05-27,-0.030409864014354616,-0.022097889022563728,0.01148070220364622,-0.044776051541073544,0.006177992694579081
2022-06-01,0.0324828108433203,-0.06474693067083527,-0.007060569368092224,-0.06309150106858519,-0.004264542296233143
2022-06-02,0.09916657382226533,0.02218263391098452,0.017094546748248913,0.0057856843673090245,0.012457706950428481
2022-06-03,-0.0349056721321722,-0.02536528971019155,-0.01638626221544636,-0.03273672733860295,-0.00847693705458611
2022-06-07,0.01224127659428273,-0.006883334658869973,0.0030470004449894067,-0.024633518924954634,-0.016772905608180618
2022-06-08,-0.053615337028036385,-0.030672946983430784,0.005368222815080495,-0.011351689292160249,-0.02271155233451621
2022-06-09,0.05156455542213692,-0.0033934595457949636,-0.02394758520865072,-0.0020908740002338988,-0.017039660825281293
2022-06-10,-0.04013145350153158,-0.03474221923780006,-0.011121849398058452,-0.07226794597572235,-0.030642470353181274
2022-06-14,-0.07212895766168648,-0.012556416941057361,0.013762305795446177,0.005860412842474421,-0.007609822597802379
2022-06-15,-0.1374591332334438,0.01634917508386348,0.013084930251451923,0.01762395810200834,0.026722885129218187
2022-06-16,0.005225342710727832,-0.10211240133010355,-0.03113971412077837,-0.1440820564562429,-0.04529725266792982
2022-06-17,-0.17804325045112063,0.004397810882562394,0.003788442157597674,0.017443704896270215,-0.01245785371558692
2022-06-22,-0.1492667032074342,-0.03556200532463169,-0.018023041569705946,-0.06748368424041079,-0.005392756129982131
2022-06-23,-0.12522733813322984,0.053519949652552336,0.0030265059435866386,0.08385124942460077,-0.0218668189650671
2022-06-24,0.057300051578314914,0.006889809613761697,0.023395751818527676,0.0704509462982519,0.0022085088141588103
2022-06-28,0.05115962533198987,-0.022179692795419582,-0.006161442323649553,-0.04200444947713469,-0.008639295484474167
2022-06-29,0.2241846752039229,-0.00874651225988825,-0.003963269269616612,-0.04068749910629359,0.004329022419945392
2022-06-30,-0.13293461687354338,-0.016009711756282033,-0.004727155962226834,-0.02921858312549719,-0.014138345568311733
2022-07-01,-0.16409224736507896,-0.02639361166796203,-0.006253817847580127,-0.007081609166298482,-0.011752156871660273
2022-07-06,0.01404411723267862,0.017582449257883936,-0.006088342893805681,0.04517903298009994,-0.0022728290459365593
2022-07-07,0.008390092213373009,0.05165639338861742,0.019902393863764255,0.04176146365600772,0.03502587550832331
2022-07-08,0.16353009159705076,0.0043132227124235666,0.0,-0.012265639403591082,0.008386686875888933
2022-07-12,0.00616660981692984,-0.03291562138901987,-0.003851565013529058,-0.055314409897435454,-0.011789466499625909
2022-07-13,-0.029956001898168664,0.044936759944821686,-0.002317950048145239,0.07010607675696244,0.004199212916984566
2022-07-14,0.04580554011076743,0.017549651263241726,-0.00906614757583942,0.06764856552378615,-0.025855054622642083
2022-07-15,-0.0028018523672512785,0.012868197042892807,0.005190592058148707,0.034319919269879505,0.01358975908151188
2022-07-19,0.18521082854057572,0.03940528200341783,0.01631857796534194,-0.02290054563807826,0.01149010386912485
2022-07-20,0.28247539347022904,-0.006765243636369361,-0.004308797155657957,-0.014870158627478716,-0.010335095733103445
2022-07-21,0.1525826452522442,-0.0028926217700481673,0.011365223468466799,0.03652310206255386,0.0011537717794276466
2022-07-22,-0.1274535405482023,-0.019601945764881813,-0.010096070619531923,-0.025269428257882164,0.001152154011393864
2022-07-26,-0.13391601180542112,-0.0057250438268413185,-0.007867173675898082,-0.0024776074702502673,-0.000369514853568677
2022-07-27,0.13206975405869162,0.07659542154936112,0.01842786309851879,0.12649942102926798,0.034492728392210674
2022-07-28,0.1430193092490305,0.03905783089201425,0.004243299455316472,0.05310195450870282,0.028497739769881354
2022-07-29,0.08461317181398756,-0.001647644691440151,-0.004743468662212018,0.0011230310443704164,0.006568912319936568
2022-08-02,0.08332796235305812,-0.01452024708261338,-0.00480707540220987,-0.0013771538036708396,-0.007000543350322887
2022-08-03,-0.10532448970491175,-0.005744061707541017,0.007831293300559282,-0.008654237260966648,0.0010534083526575549
2022-08-04,0.0867322511358203,-0.009479525568520927,0.0070211429563146925,-0.006612007743759959,0.028024524409837128
2022-08-05,0.11493821639679433,0.028675899088160428,0.0009991129425046515,0.0743046651520902,0.01490038900346844
2022-08-09,0.27996513370726156,-0.02747099349637511,-0.00374670081487366,-0.04168505282330071,0.0016290297005884494
2022-08-10,0.22970649152494177,0.03325679505388167,0.012434760193356237,0.08372108672275558,0.022212424483321974
2022-08-11,0.1121285958055643,0.00041276206736784357,0.003946856589476728,0.015795510583422143,-0.017989503507504397
2022-08-12,-0.011155052802976781,0.018415982056898608,0.01053010011866456,0.03961592493298782,0.03628646195372948
2022-08-16,-0.027653984100645467,-0.010565706274135412,-0.00024471855666973347,-0.013795147342322981,-0.0037547076728254238
2022-08-17,0.05744517368332891,-0.023181944883864696,-0.0041702288347949985,-0.02432783915137373,-0.004083480442370002
2022-08-18,0.09532149978777904,-0.005295957030778942,-0.005670020508910841,0.007613161970514982,0.0028288241679744583
2022-08-19,0.20440645243218572,-0.10602664190168617,-0.013690367789732349,-0.1354790025497318,-0.021895388458917354
2022-08-23,-0.08154745859248137,0.0060185938546632,0.0052956732059389515,0.02451304379415949,0.035836990425445366
2022-08-24,0.010212895339450807,-0.00620033327852915,-0.0002515952480539793,-0.003440357209568945,-0.0012466783637666995
2022-08-25,0.11541970022726669,0.009577016652955654,0.02140455258761233,0.02349750954116691,0.0046676340978792285
2022-08-26,-0.01769434949441026,-0.06408571655966329,-0.014884923189287838,-0.11790172517616755,-0.006228678855059327
2022-08-30,0.3938072933143043,-0.02500132778356697,-0.011891275201026036,-0.01897987488373285,-0.033698851243515564
2022-08-31,0.1810627210210505,0.012696624168793951,0.003556833574521032,0.019396766357597673,-0.022676717125519132
2022-09-01,-0.013725111474505752,0.0038518173635346637,-0.007893214011870223,0.020697077972305716,-0.0019678643853211658
2022-09-02,-0.20442506806776073,-0.007849479691159277,-0.009244910511406149,-0.005662471163262736,0.013370622321902672
2022-09-07,-0.0408309091730686,0.02374515374913594,0.0088380682324137,0.04271652328035794,0.009213839390153834
2022-09-08,0.284892830850706,0.00204607030353663,-0.005449480864574451,0.003332842816660751,-0.0009831667120021048
2022-09-09,0.21862956614916765,0.10086009766789074,0.014723077258528694,0.04993701830610943,0.031943236262674916
2022-09-13,0.18592674306107343,-0.09728219892342403,-0.03130880993217245,-0.08076942156538781,-0.042559780148783484
2022-09-14,0.043938132595441756,-0.0027439686753737906,0.004940940452222177,0.03356951498102785,0.0009730447593870043
2022-09-15,0.10307867330253807,-0.02703458624126178,-0.010692412706209747,-0.10507918310363468,-0.01699941838369535
2022-09-16,0.31078676148283524,0.0036162281734326176,-0.009219204443521808,-0.02702906893553504,-0.010940010315796531
2022-09-20,0.06407658053276923,-0.03400047754708742,-0.0055547086278445665,-0.03934969828540063,0.007645725113991122
2022-09-21,0.04449803119352366,-0.018344813515223775,-0.01685225477619601,-0.055722995942389726,-0.008605694284279168
2022-09-22,0.053553394009615174,0.045641677549128984,-0.004867654779578932,0.058205581933538045,0.03026721034742822
2022-09-23,0.18405537258194513,-0.00598857629671097,-0.02497706355247635,0.00043626420653308323,-0.046401652465898176
2022-09-27,0.03319144198533675,-0.005850034170169328,-0.00112613435227673,-0.003896164316827129,-0.004105302497191886
2022-09-28,-0.08193540348156977,0.016409099157190264,0.00869449135412618,0.005460630480265401,0.004787955159004106
2022-09-29,-0.2338981286277312,0.007504185755091534,-0.02259343394696256,-0.0013157527695159426,-0.011668003282828125
2022-09-30,-0.03531062927341412,-0.007243323491751529,-0.00372028288621132,-0.005761854654836134,0.02252661103852504
2022-10-04,-0.16848457736886116,0.035702295702777984,0.03219805732350386,0.028813335722636096,0.0039859756802669115
2022-10-05,0.10871029200414883,-0.00869820607502516,0.0005461536285809522,-0.00684315949242965,0.004274801255073954
2022-10-06,0.05745341189824561,-0.010234041758595132,-0.006024158513291601,-0.0008339184093623792,0.0012179032112630624
2022-10-07,-0.12508975238113162,-0.020687828067475794,-0.021094236009013192,-0.014300456675176725,-0.01224753260316405
2022-10-11,-0.21901366961389238,-0.004716403712704758,-0.016060051524722167,-0.009150090604978236,-0.024646442538100777
2022-10-12,-0.15212834461488994,0.005549896374470987,0.0011556833384367918,0.011909867196354756,-0.009201991115451922
2022-10-13,0.00260402403711317,0.011700026522297709,0.0028834087257363877,-0.0052515732089481165,0.006672044177726014
2022-10-14,0.24151003127674642,-0.010228526229371489,-0.015085735525659831,0.007192490703478946,-0.031197244198048757
2022-10-18,0.33121222225817537,-0.011127327349328565,0.00028445661243236994,-0.01609823451129519,0.02651654044268118
2022-10-19,0.24033684080873402,-0.010130621895940859,-0.018370279616239247,-0.01903057334023134,0.005591828911132353
2022-10-20,0.1758331458144121,-0.004492679159130498,0.006353121742532243,-0.001980062323923632,0.017808343832371117
2022-10-21,0.12933921858534891,0.00621191065339352,0.01514073294609776,0.012965360297434125,0.036747961436000204
2022-10-25,-0.045958317399512526,0.038050125599863024,0.008218418586259955,0.08318355022278977,-0.017029785528430604
2022-10-26,-0.0158606144764215,0.033017194358947406,0.016237064458062944,0.06930990366099621,-0.02381826952663487
2022-10-27,-0.057577687686544324,-0.023607984321621485,-0.007795921139411566,-0.03388364585290344,0.029843263257269936
2022-10-28,-0.10502430665833208,0.015142492579417856,-0.006105297697070097,0.026780101013655827,-0.005706990542910859
2022-11-01,-0.18685863301596028,-0.0005124320157945651,0.01825874229132557,0.004434768101308678,0.014585530381679684
2022-11-02,0.027465395029502654,-0.01603042401585493,-0.008363362707645974,-0.038717154756392515,-0.030008353305773065
2022-11-03,0.18532541412807363,0.002501116490787244,0.005775155545278652,0.007754200150845921,0.026987169633041555
2022-11-04,-0.11040262444654861,0.04533199824767065,0.04145549561622443,0.07152224436768091,0.024508043094502645
2022-11-08,-0.2108430719560801,-0.10542864681146098,0.00715276471866614,-0.16286927969588255,0.009534069269125145
2022-11-09,-0.25237441396817006,-0.15488954817014716,-0.01742066691593799,-0.19184414986642734,-0.030771625164205643
2022-11-10,0.0641717683907056,0.1020374090112842,0.035620234177458056,0.16648780183080164,-0.06757331681865572
2022-11-11,0.1719357408908354,-0.03191845360130116,0.026824213125456926,-0.009466648272293352,0.03419411247705348
2022-11-15,0.00028972883323374887,0.01590431717951544,0.02267767262293395,0.008127260568099008,0.003563853361841799
2022-11-16,0.07685595534813354,-0.012825680370738035,-0.016108328043431912,-0.02929168164834802,-0.03924654362725403
2022-11-17,-0.07875628183156519,0.0010839194206494296,0.0018317004389209878,-0.012244712791506736,-0.008444493873965201
2022-11-18,0.05231091268935065,0.0006146278457023498,-0.005768280493319376,0.009524465435230129,-0.00033934221748705567
2022-11-22,0.13329468410921583,0.02517471508039186,0.002393898038634097,0.023910314822505673,-0.021816678955050576
2022-11-23,0.061268289031882146,0.025667956985737504,0.008202082565837198,0.04143681250133044,0.004401647006335943
2022-11-29,0.11036372215571673,0.01394046411034608,0.02131378342823346,0.039230258929018644,0.031211145975725663
2022-11-30,-0.06045452550583903,0.043059766583943886,0.028489078325342358,0.06273462567793704,0.028679195604821146
2022-12-01,0.08953048498521418,-0.011802068595367332,-0.0032947604168710246,-0.015097452965501133,-0.008293504694505389
2022-12-02,0.05394924312641198,0.007136986045805121,0.003800815001605375,0.01402775539992225,0.003198071323672733
2022-12-06,-0.1362517329445717,0.006733035250819497,-0.0012798738420480022,0.009463118187259801,0.015743317214367673
2022-12-07,-0.25741644297765864,-0.014224977832437721,-0.005908912806733075,-0.0313243491098491,-0.006857229291056957
2022-12-08,-0.07665680951481994,0.022614200081039638,0.012037571983571953,0.0387379172952175,-0.018185111392149643
2022-12-09,-0.1855357642250055,-0.005838370505888547,-0.006641304079658432,-0.01322525408327693,-0.0010016302278229687
2022-12-13,0.11891554335766857,0.03286478873072886,0.007125563036566745,0.03540038140457801,-0.022315290643444938
2022-12-14,0.08363221401721893,0.0019289306421712124,0.0005181686470304342,-0.008533116264882437,-0.0011326071296934818
2022-12-15,0.0069133329532997945,-0.02562838102102438,-0.023320864248591932,-0.03337277794308664,-0.004164255789306757
2022-12-16,0.07033268440107482,-0.04218980898149945,0.0029120620755462155,-0.0806268638905218,-0.005706759590521759
2022-12-20,0.13631166830759178,0.027988705082472278,-0.00026429227716303526,0.04200799338122731,0.037380473733378
2022-12-21,0.06291180319345341,-0.005264509420176635,0.008942872578654684,-0.0033756718913286222,0.007525508331678024
2022-12-22,0.052001881488398065,0.0007612154110786702,-0.008942872578654682,0.0037685602956308416,0.007115075691672237
2022-12-23,0.08868011949368729,-0.0019858084288219657,-0.0013218547470992019,0.0016218362460934089,0.020351570150771086
2022-12-28,0.003476528397228701,-0.009895050300250239,-0.014706243070139657,-0.01898321825514631,0.020978420179909796
2022-12-29,0.02241449968522728,0.00540864482551941,0.016529409395643218,0.009708508365278899,-0.009190607552943379
2022-12-30,0.0742219136979797,-0.002391695878759684,-0.013887335948084294,-0.0019681122243845202,-0.006770032884149082
2023-01-04,-0.0006759777951991508,0.010934153962035356,0.029645193831379875,0.03378924703011539,0.017231928872626725
2023-01-05,-0.18680673381623886,-0.0015728177184386805,-0.0030525455339207854,-0.004856888032440565,0.03396492472603027
2023-01-06,0.020016983757703416,0.006820792235553174,0.020676273774478632,0.015033458138128267,0.03780814406896973
2023-01-10,0.3507488671446244,0.014418133870887372,0.007157934739253962,0.011321724802568729,0.025655918771118395
2023-01-11,0.36765385570536296,0.02762115049773119,0.004172367593145162,0.03769675589136458,0.02264236160892262
2023-01-12,0.03601278270786995,0.05080318049018759,0.004886317518190046,0.021388637532641704,0.008444539274563564
2023-01-13,-0.11219824298898727,0.053649212803668606,0.006559021900491243,0.023472599213271415,-0.007427358205248532
2023-01-18,0.011823401786299297,-0.02259283115330066,-0.006841019004807772,-0.03395273830849871,-0.00780041340023445
2023-01-19,-0.0650180564621227,0.019055334102897954,0.007571159847889713,0.024152930294644378,0.005094156243918174
2023-01-20,-0.09770118880023211,0.0726845526110478,0.015212172523475275,0.06676655019692047,-0.011584524961149242
2023-01-24,-0.2910271816612502,-0.013077079200906103,0.0007135679958098028,-0.04499980858207428,0.01833672002878888
2023-01-25,-0.04478796822769046,0.021043184701323544,0.0009504364715922815,0.03478969998133842,0.02525061736636472
2023-01-26,-0.12509736174865052,-0.003687148593844675,0.009456467012904764,-0.005353413924201912,0.0036023071188607037
2023-01-27,0.2525152469030455,0.001993046474165044,-0.004717006644849575,-0.003092196850388313,-0.02549384739701083
2023-01-31,0.12990303415412213,0.013012288539514132,-0.002173594130748402,0.012181319413260568,0.023004948707633987
2023-02-01,0.033303117310827954,0.024945734590003956,0.01225525877238809,0.034236124265502516,-0.011603169805196165
2023-02-02,0.054230888268662986,-0.010674749877368259,-0.005988755558763989,0.0008820928489129534,-0.017830422096310212
2023-02-03,0.36040290622606774,-0.000961136247671562,-0.017939848277714394,0.013001459829638557,-0.028927721729176143
2023-02-07,0.10250401769915157,0.02191019571493288,0.003964381257637042,0.03391579345123585,-0.014841141051428511
2023-02-08,0.29706637203989117,-0.014063722484005989,-0.0012372455978999631,-0.012813015981606406,0.016243201743678524
2023-02-09,0.13579977915057861,-0.05007294792111713,0.004693106384272255,-0.06525524381958801,-0.026261203700483005
2023-02-10,0.323706367666689,-0.0077228177249046275,-0.009657145380553803,-0.020625312701673705,0.010373819852398134
2023-02-14,0.2607385696817672,0.018747466050136215,-0.0017292511686523256,0.03244968986860499,-0.008441920998710523
2023-02-15,0.2620399500183937,0.08977000786319626,-0.008440799495445274,0.07238352581533515,0.007741217974874139
2023-02-16,-0.00015831461571741423,-0.028558101481565734,0.00024919671244868385,-0.020326734323949925,0.0038481299980141657
2023-02-17,-0.0694166813400191,0.03910624942610064,-0.011027679224584058,0.03281742398510527,0.001744362614716365
2023-02-22,-0.08540530647895281,-0.010180396881003117,-0.004861104836977228,-0.00896915151985511,-0.0003545127424617048
2023-02-23,0.008052977168577696,-0.010027916762018151,0.00486110483697714,0.00476105072802483,0.012334912615110109
2023-02-24,0.09644740885281572,-0.03179206740644356,-0.022716510716455744,-0.026202681869558177,-0.030585619474322555
2023-02-28,0.25272120262777786,-0.016092730875103014,-0.00703772284536267,-0.017549419753221152,-0.01347685374631828
2023-03-01,0.1737915805921994,0.021336804939163678,0.021222114638715546,0.035202647729229694,0.008035092742284502
2023-03-02,-0.0684081003778079,-0.007261350209481709,0.0035787593993142196,-0.009734647607413407,-0.015765775889549895
2023-03-03,0.02503160530951661,-0.04856242572977136,0.00889126348736281,-0.04860403256495922,0.006997078452635995
2023-03-07,-0.1621177581995967,-0.009406138966041635,-0.016893101786478425,-0.0034931302279607333,-0.01235954211305953
2023-03-08,0.03894448382939199,-0.022837315061132093,0.004121649527228959,-0.017987989214627065,0.030616780456961708
2023-03-09,0.038509980285487626,-0.06442451332853331,-0.02235608008387933,-0.06422357742676012,-0.017174115116166688
2023-03-10,0.12475425512946334,-0.00866965688311379,-0.005271512081725921,-0.006627141274041085,-0.025216053425479893
2023-03-14,0.07808577488439161,0.02241616479750579,0.0005275998327848797,0.013711433059796017,0.0018779279275969337
2023-03-15,0.08023293116695399,-0.015069419825617957,-0.017289997348421692,-0.02817504134257235,-0.013220251120752652
2023-03-16,0.014621054873096437,0.027387721969650478,0.015178034908565534,0.012620877536401303,0.02069689413421641
2023-03-17,-0.02469317736518374,0.09043081735478727,-0.006096732939423047,0.06646803468576684,-0.017659714685200882
2023-03-21,0.15212759377177892,0.014607259457310753,0.008966238231421887,0.04034301947849053,0.002288375522413842
2023-03-22,0.009472743944497278,-0.031304934786025286,0.003930456549058424,-0.03896339040133464,-0.005730564613380846
2023-03-23,0.0016753705237415907,0.03690243092144147,0.013764598021971258,0.044287149920960535,-0.03271338618366001
2023-03-24,-0.0337360518932875,-0.03011973318555565,-0.0025827083895744343,-0.036075793416849404,0.016100966247170848
2023-03-28,-0.0040412606593139,0.004714100093914092,0.014199254075259253,0.0328703783446537,0.022745576601012257
2023-03-29,0.04736189673493847,0.03885339931269162,0.0028157947804577695,0.01133909593298425,0.012292883889454083
2023-03-30,0.1554836126117039,-0.011169598741333131,0.009919874705013846,-0.0001476116566049356,0.024141588894403737
2023-03-31,0.12888111116983988,0.015746414888453637,-0.0012661777100916572,0.01620332120801775,-0.010535884424180159
2023-04-04,0.4598030631515675,0.01350558587463783,0.0,0.03298480148175826,0.0010985935655605016
2023-04-05,0.2732740480549412,0.0003512057047058866,-0.007870943403369616,0.020163479742369997,-0.0040346039199906135
2023-04-06,0.14211051292680063,-0.004761257346579407,0.004070062956239145,-0.019139164759578154,-0.004419640305079315
2023-04-11,0.051895211087528766,0.019439489564332186,0.006068370977208008,-0.010000523048081017,0.05165875054246152
2023-04-12,-0.1096594898580381,-0.0031803678161343176,-0.0070833036276826845,0.014945669987220005,0.02027905194975863
2023-04-13,-0.1635742177266471,0.008590133768281546,0.013616002845186326,0.046764233285983225,-0.002384531304976152
2023-04-14,-0.2088774492733873,0.002845797962018112,-0.005273012152297686,0.04327121850679109,0.001363353447572741
2023-04-18,0.1820953083394951,0.03183646099781629,-0.0012540045082369401,0.013535686517087031,-0.006870332709680185
2023-04-19,0.01650214979119835,-0.05319953662867234,-0.010091146424564589,-0.08326330162021343,-0.04368432744671984
2023-04-20,0.14678776944065042,-0.020211126619281063,-0.0015223466729663133,0.0034510728781589465,0.007890905885204911
2023-04-21,0.08767607308854314,-0.034910877271712444,-0.009440141025053557,-0.04909785657670008,-0.010414801243929094
2023-04-25,0.04866457337507066,0.02802320777395386,-0.018934509882287655,0.01293785075247709,-0.01438342771421357
2023-04-26,0.0695489219385441,0.004057925868580612,0.005743978279410669,-0.00010149316597420684,-0.006176217276653094
2023-04-27,0.122243635200213,0.03631313286229464,0.013447346657405622,0.0223682158443065,0.02020268356177104
2023-04-28,0.13210128440825808,-0.004540602889751968,0.00512439858126334,-0.008562156334883395,0.009596725411156522
2023-05-02,-0.001918999060158827,0.020749270291120427,-0.009791265557990154,0.020976818915212615,-0.02564710275234211
2023-05-03,-0.049961919429152346,0.011294600825028724,-0.0015546949076825096,0.017938807917938802,0.00946840456021207
2023-05-04,-0.0910190186465497,-0.005482697825375376,0.008007158700557595,-0.01424943087374444,0.002895378154299923
2023-05-05,0.10146230587183036,0.02352452363535224,0.013289152535192087,0.06062477478209235,0.038636876522191284
2023-05-09,0.06974739099301054,-0.0012826051136456092,-0.00610842373551476,-0.00023775948933960428,0.01317178428376758
2023-05-10,-0.0029882769090782413,-0.0013393336115541375,-0.0005107587366531303,-0.0033604216734156264,0.010618365467800971
2023-05-11,0.09195212239894188,-0.0227376278728039,-0.0035823168091249943,-0.025234782361342904,0.007129571138770627
2023-05-12,0.10206232632064963,-0.007278017155925187,-0.011861955551612437,0.006397104138644187,0.008086220999853864
2023-05-16,0.1553834679706314,-0.005754943306692564,-0.007157330614925995,0.0036090792596990724,-0.01942458110933793
2023-05-17,0.07241775124777378,0.013305949198470446,0.004607213605809797,-0.001240731129097684,0.014103623482206534
2023-05-18,0.09931806945722299,-0.020896322938492334,-0.005377185789848037,-0.011111257616523266,-0.0020025547785340733
2023-05-19,0.12263424420481939,0.0021562704301694635,0.0007699721840383273,0.006009982865914986,-0.0013374496358886199
2023-05-23,0.07802684537865454,0.013848962643426162,-0.01564342166408471,0.020069668217180637,-0.0020109198713450047
2023-05-24,-0.09685817360643635,-0.03327040018789597,-0.007523666346403916,-0.029708534807232487,-0.006393949749396951
2023-05-25,-0.13272673337803248,0.005354526205137628,-0.0020855354496025144,0.0032466321229346956,-0.006095634156977661
2023-05-26,-0.07230492918139533,0.009139332662057487,0.017589670702803782,0.01251086049601085,0.01684117936966544
2023-05-31,0.21098228199022476,-0.017577792723265092,-0.009382259857091917,-0.014249247118842005,-0.010355594309206054
2023-06-01,0.4583130586576621,-0.014792581991188054,0.01764901945485905,-0.00638547001263108,0.030750594596299533
2023-06-02,0.25214191963622334,0.01589161106579633,0.01709003298232239,0.0239065252896256,0.028852924485225372
2023-06-06,0.3987245262522851,0.05581511856233619,0.008815021346232946,0.03932332901333518,0.019324276086615043
2023-06-07,0.34718500856228246,-0.03332542412080894,-0.004305351059990737,-0.028035415163873995,0.007035278152385846
2023-06-08,0.20049788893021792,0.006138366063704449,0.007081485505070102,0.0075602566414878485,0.0071152916584732466
2023-06-09,0.21914489174690022,-0.001050860137740086,0.004526066715840815,-0.003296688452608854,0.0182025808481235
2023-06-13,0.32693656588611014,0.0006263269559741463,0.009965450432263422,-0.002005470958931595,-0.004740066540744119
2023-06-14,0.3707669229386338,-0.031115354032620144,0.007409023537771057,-0.05224189755336002,0.027184811853402484
2023-06-15,0.42480026309379665,0.017819375410116443,0.009307054265500176,0.009047294268028925,0.006758838223953118
2023-06-16,0.37190804178090636,0.0289427732653721,-0.0034187660451097074,0.030248430137366597,-0.010464784412673383
2023-06-21,0.13141371974510146,0.05827421320682117,-0.004751844493603915,0.053710324442616045,0.013659056679986606
2023-06-22,0.05616094461421412,-0.0038377235796951737,-0.0035156802258173143,-0.009598611426714872,-0.011827088936035256
2023-06-23,0.057896677010598724,0.02584590576815378,-0.014698770730926698,0.010579014510562092,-0.002749420191625921
2023-06-27,-0.05529194078812362,0.013682563415242946,0.010126711095301714,0.016148341244193568,-0.01047452542534932
2023-06-28,0.07155335067016758,-0.01980891791303767,-0.006063836954017012,-0.03321315592616908,-0.017495029023531228
2023-06-29,0.1419104639317194,0.011865197537731036,-0.005336045467577681,0.013182144849619147,0.014393260624469419
2023-06-30,0.36977505261145427,0.0010472432791648364,0.007867243743339398,0.04278209460658563,0.007428046085029876
2023-07-06,0.18994037127707666,-0.020020299639946313,-0.020582610979563487,-0.03296272813878403,-0.03427456140331029
2023-07-07,0.21435150675526599,0.01437090998029806,0.01123322090191859,0.01181226577883662,0.024021348982538625
2023-07-11,0.20786715526971006,0.006765948365584515,0.010095935940921513,-0.0011813783970974622,0.0009467718364162914
2023-07-12,0.029874499255165762,-0.007516669538967959,0.022104413028852632,-0.003318159704377879,0.010044035369830019
2023-07-13,0.053317469672664305,0.03505911799946575,0.012935078363933284,0.06932947889636883,0.020096426502359373
2023-07-14,-0.03141545824628754,-0.036955452769762046,-0.005592845155581957,-0.03404628728508824,-0.012939080290666814
2023-07-18,0.0003325736524942835,-0.009643886494910275,-0.007333159025316994,-0.007375181874016909,-0.0037187195897222295
2023-07-19,0.20602174064142356,0.0019193869502834365,-0.0019646857020708267,-0.0045377420643504885,0.0018610179997398607
2023-07-20,0.14396678434734822,-0.004083626307646249,-0.007401913700742068,0.0010376686367424054,0.0015483125002339459
2023-07-21,0.044897150881773984,0.003910458253167224,-0.0014870004453435073,0.0005873367693250364,0.021427196919765117
2023-07-25,-0.0799977593062345,0.0017284554802405464,0.008284677354085042,0.0041749804559229105,0.003851335881316844
2023-07-26,-0.09430236621218432,0.004355653333464597,0.005806782391381923,0.007731056269678713,0.008538372996220732
2023-07-27,-0.16590179183442394,-0.004927238584293436,-0.012380247484927987,-0.006324297212905574,-0.030661686126372916
2023-07-28,-0.004890706757271726,0.0037094442045335473,0.023894015532385918,0.007704082126493943,0.00932749284429619
2023-08-01,0.025507503310006327,0.01513023382608844,-0.012714558813620838,0.008385216320091819,-0.019377541483347627
2023-08-02,0.11254670276572487,-0.01780750751690934,-0.02419180600353842,-0.01762558908303738,-0.007554049341770408
2023-08-03,0.07919693740337666,0.0009161807791750279,0.003949643578111887,-0.0021518809047709076,-0.020840402593736453
2023-08-04,0.29101713309709615,-0.0035908335462961935,-0.0012326834429898282,-0.004053453150028359,-0.007148376863283068
2023-08-08,-0.07798582114681467,0.01984638697905339,-0.012178507718288918,0.015678040193483726,-0.004068207790386663
2023-08-09,-0.003547365567525069,-0.006877101417061734,0.002497386318860184,-0.0008138668400405227,-0.007870340284105026
2023-08-10,-0.013311430302469434,-0.004471948989328098,0.0014957292511715516,-0.0019131669226014547,0.0047296047376630635
2023-08-11,0.05153690214429192,-0.0010837469218066252,-0.014804027219881104,-0.0019627633330060105,-0.006944379471167468
2023-08-15,0.2109354735084989,-0.008129120118753778,-0.01149577977709842,-0.009399412543856542,-0.01039638944714821
2023-08-16,0.19617778360503021,-0.016193584838703763,-0.009033431222344086,-0.011712807846728535,-0.0032712142507183542
2023-08-17,0.20026862990090516,-0.07362412009606191,0.002330666418226934,-0.06919957367312145,-0.006574707119286504
2023-08-18,0.21648936732263427,-0.023334248653811243,-0.006747888506801289,-0.014339321685126798,0.007229717326915442
2023-08-22,0.25535514515262836,-0.0035464695192522202,-0.0020807830089548066,-0.020221731633509595,0.02192859243365114
2023-08-23,0.26900397951901134,0.015248455549160829,0.01575663178561734,0.027396551114522154,0.03280015518966284
2023-08-24,0.1820269876320716,-0.01023956576112509,-0.0038515670731460285,-0.011577587413650496,-0.010708693164584521
2023-08-25,0.3090742920739647,-0.004393992436939317,0.0010285148539311386,-0.004231685246031956,-0.008586467561047624
2023-08-29,-0.008522745128850068,0.060249892570851026,0.012645513821329021,0.045699333902423034,0.014100105434312542
2023-08-30,0.02777542971472361,-0.015634289371322937,-0.0032726467864496443,-0.014331940827344741,-0.009692025275064185
2023-08-31,-0.0457294853232339,-0.05132914544958933,-0.012431880576732269,-0.03550204886755331,-0.03127250767044891
2023-09-01,0.0890957446777263,-0.005054814300673318,0.01167531389403131,-0.01047490726975087,0.018944147032155165
2023-09-06,-0.3949744975005082,-0.001038013801593385,-0.0056122674142764575,-0.0008433099527620387,-0.012920197346998322
2023-09-07,-0.4288590779344357,0.01873210550195057,-0.011837452200733142,0.009357779476783406,-0.01969856300055511
2023-09-08,-0.1695659576608861,-0.012831149860508746,0.0020687329511784184,-0.006980156417867569,0.013829697119497627
2023-09-12,-0.021837619728152607,0.0263051279529175,-0.003066726530668557,0.02594985113300058,0.0038228996488939813
2023-09-13,0.003315926745014041,0.015173852958685846,-0.0012805661591369386,0.009723232880359704,0.01106719566847003
2023-09-14,-0.11890572605966457,0.011800835130971608,0.006640920654670759,0.011738037483995224,0.018692238855273616
2023-09-15,0.12106175853245754,0.0025972414093191217,-0.00382571092712705,0.008973901904285443,-0.004330362708231834
2023-09-19,0.10853762639390273,0.016931102662432373,-0.005902777885447352,0.00377802117826014,-0.00684285910218408
2023-09-20,-0.15651604279569664,-0.0029114788993918343,-0.004126904421562034,-0.012646402630916957,0.0077724643487878066
2023-09-21,-0.11345402946049302,-0.021020467716698094,-0.017468876521501153,-0.024061803567986477,-0.03433949500622972
2023-09-22,-0.13764054464987485,0.0004491505408555205,0.01176641637051325,0.005640355663340097,-0.0009620245846566079
2023-09-26,0.1874045454893236,-0.003093569595525136,-0.014199771514430493,0.0032022506710494814,-0.01855817600688552
2023-09-27,0.07121416005330618,0.005153782852789497,0.0015878426179187029,0.0025534902616827573,-0.012233829396569933
2023-09-28,0.1329418220565695,0.02506320623495958,0.0026407063730555943,0.03408644314956767,0.013218938627202527
2023-09-29,0.2722775209862719,-0.004072674570297436,0.0007906704970137327,0.009070790251801169,0.006870725455512745
2023-10-03,0.1575372537703261,-0.0036683170659445614,-0.013329897188834261,-0.004181475758509447,-0.03141619944846212
2023-10-04,0.16756014546050335,0.013377719302482879,-0.0029564881373455856,-0.005354814095119953,0.002399400351294724
2023-10-05,0.2342799652118365,-0.013890662255842758,0.00376148814949218,-0.022313404954047225,-0.0037730866878710623
2023-10-06,0.2464452778487115,0.019171883788155934,0.014377243582928597,0.02109495122828737,0.008554452563656402
2023-10-10,0.22002601936060603,-0.0070090060125914885,0.014240746649596637,-0.007684582639813547,0.027153924567680093
2023-10-11,0.4099909015586072,-0.019081220842271783,0.0062646439630978734,-0.0009306107553027609,0.0042380396724248336
2023-10-12,0.20173423210152797,-0.00434538164717781,-0.011252241259319059,-0.017156552988921717,-0.020043378050892395
2023-10-13,0.35738559150500454,0.0039380057832304975,-0.0036910781903202847,0.008071359338065555,0.003313486529124649
2023-10-17,0.0032197695816250024,-0.0036433994327744555,-0.0026252390356920194,-0.022170848827160933,-0.0042338988261758515
2023-10-18,0.07093544805546767,-0.0030807197496875486,-0.015364620934765538,-0.0010799585356926883,-0.01744903153593949
2023-10-19,0.12679098405949538,0.013724231161473081,-0.005890362963765821,0.0023678761320827203,-0.0003320530956238293
2023-10-20,0.03151282342522396,0.03298576898255148,-0.012157310895186926,0.023461596611029707,-0.005329872729898333
2023-10-24,0.34265666795078026,0.024342751787773464,0.01270467101533496,0.010735750862524152,0.013991016946811347
2023-10-25,0.24522993580737265,0.017581001125127033,-0.01324859561464398,0.0016574582065942418,-0.010307706524938919
2023-10-26,0.19174590174016504,-0.010083818433932462,-0.004911370351739479,0.009267512281385481,0.018871618851782204
2023-10-27,0.21619967711793872,-0.007253169256571986,-0.0008209680832337572,-0.013389403281273107,-0.0185374925125528
2023-10-31,-0.04829118607793022,0.004782938801692802,-0.005705638248669557,0.0035131858560219814,0.008433254920341986
2023-11-01,0.06421692607285573,0.021952875620689455,0.009221465625673265,0.016722284071564633,0.029457645298565642
2023-11-02,0.001701310730612797,-0.014181643038139046,0.017396403575955767,-0.025479687340772706,0.028297770209748798
2023-11-03,0.20792694782888368,-0.005911206955145199,0.020224069282443462,0.017710624992429473,0.01134942030743194
2023-11-07,0.10775010683296725,0.011526405303600254,-0.0018071830217191755,-0.006184419547505903,0.006847330452658742
2023-11-08,0.29005157667555437,0.005955525293475274,-0.006740996435014528,0.0006343545080602957,-0.008097313930982447
2023-11-09,0.151410097554019,0.02869223982446583,-0.009409338465171444,0.11546245314063243,-0.005330037400243021
2023-11-10,0.24580094768104926,0.01677834605033404,0.00706521091820766,-0.020135351367736306,0.018377719902914178
2023-11-14,0.223173698022997,-0.02678435783979465,0.026256533950709378,-0.037786727149761994,0.031961279738984334
2023-11-15,-0.026161470863980407,0.06384619927627835,0.008349102086253229,0.040285986954170384,0.006569196622218198
2023-11-16,0.17812257016470168,-0.046629756190665436,-0.009620331221303471,-0.04951007466964237,0.002080969679487709
2023-11-17,0.29933331736393176,0.01214874696667944,0.0012712291350502735,0.00020354584398841086,-0.005360275465512076
2023-11-21,0.16481361752047918,-0.045392621921948366,-0.006293249979632948,-0.04303052460772705,-0.010890422667797061
2023-11-22,0.05903491718604252,0.04420138946783627,-0.002022088306755043,0.063677023255911,-0.0008882527268346569
2023-11-28,0.17185583797784,0.015367313611233842,0.008344879998860005,0.01075413409883308,0.010903461501462116
2023-11-29,-0.2121761355308316,0.0007241750284948421,-0.005808857860662391,-0.009515964716186757,-0.009718792042842215
2023-11-30,0.01788008020879331,-0.0038571889984724806,0.0020244458039449876,0.011085004780645596,0.006489544722371268
2023-12-01,-0.17920091705847485,0.02555073011462817,0.004287871844799159,0.01670873631853236,0.011983264834607895
2023-12-05,-0.02027220641113217,0.04882523455973004,-0.006128350471432105,0.022317582058232848,0.002671018945967622
2023-12-06,-0.05135839406548143,-0.007610515703398493,-0.001281655715262529,-0.027481732281027516,-0.0029682697161835195
2023-12-07,0.026140193924304406,-0.010427160036986542,0.004861159155234919,0.05488917505378805,-0.0011897522163095643
2023-12-08,0.02930334084447722,0.01998568323480024,-0.00434850978366861,0.0004886631288898086,0.0074129341869117
2023-12-12,0.086438927463292,0.004991678164292342,0.0002547244881362319,-0.010184285922753354,-0.010122282240444685
2023-12-13,0.014877197130963749,0.03416274957103686,0.009887289380262138,0.026268465157370285,0.03585461834217405
2023-12-14,-0.15917696544486223,0.003101461159203954,0.014525853582551578,0.024439772933182627,0.012051895507060338
2023-12-15,-0.13689616259588852,-0.025761678809584642,-0.005985202794958979,-0.042882888386342424,-0.013496435528860293
2023-12-19,0.041134892390932244,-0.008316570718615267,0.008472341104778493,-0.017929749988651676,0.013267708373041448
2023-12-20,0.006084158167201488,0.032164737244750545,-0.018165658721067828,0.010977281118820084,-0.01932075693617638
2023-12-21,0.2711071450951633,0.0049565656400486135,0.018620697526389406,0.01694580433910401,0.016150719210618007
2023-12-22,0.239994582838824,0.0029305657871948458,-0.004813230723654923,0.03810410081071799,0.00841183202769193
2023-12-27,0.08466709746585857,0.021462391204340153,0.0057782430176323216,0.06391246238319338,0.003408166838991758
2023-12-28,0.06438414648230184,-0.018938483263033618,0.007735512185134423,-0.013191815850142955,-0.0045468919173673
2023-12-29,0.05532571109149665,-0.01247437935200907,-0.0004971700748444101,-0.02016974495032379,-0.004281491321603423
2024-01-03,0.10931942318189665,-0.04806495357875531,-0.0055512170803579,-0.06355859889814774,0.0017441437133261168
2024-01-04,-0.15078377281643865,0.030607357718285957,-0.0032950308848215507,0.026018755301935443,-0.010511108768915695
2024-01-05,0.029892552892794078,-0.0003900828451526924,0.0012685655634426425,-0.00017227688370381207,0.01138200935052131
2024-01-09,0.13416441567933282,-0.01784541710643821,-0.014260430985272333,0.005042672902309552,-0.01429214514332059
2024-01-10,0.08839879907212693,0.01052203275194838,-0.0023108723864845517,0.09639269438375238,-0.0014700006997956031
2024-01-11,0.20838384166456592,-0.005574241147522551,0.004104612952546279,0.01442455815505959,0.0049890438756765385
2024-01-12,0.02860347008608559,-0.07884262883299366,0.0035777548026562794,-0.0370016813266483,0.005255485725965286
2024-01-17,0.12183367583741868,-0.009599712825861542,-0.015014051390922168,-0.023191451936679628,-0.005998802595597164
2024-01-18,0.12322651833507033,-0.03525390600438047,0.008193494373478067,-0.02456412536699194,-0.009977527496507856
2024-01-19,0.20244804885962764,0.008599127738074015,0.010474042943553457,0.009070841056131802,0.001518204872963401
2024-01-23,0.4190902283434552,0.008523584257922188,0.008635387824094341,-0.03082313173331791,0.018382824134224048
2024-01-24,0.2834370770383971,0.005793705727985713,0.011141462629750541,-0.003184568183573405,-0.00030345436220994074
2024-01-25,0.22630866993993567,-0.003581157289492955,0.0012875114992339821,-0.007122292057593543,0.007864468695903213
2024-01-26,0.29112184724105306,0.04607657449481696,0.0007715051750760111,0.022070236302984544,0.005408468805800234
2024-01-30,0.10335620343906449,-0.007783744989935841,-0.007998987689200113,0.01176849488962161,-0.008183202016703488
2024-01-31,0.28113600037070485,-0.008651552809046921,-0.005455322731230342,-0.02677865170655261,0.0018242185362606922
2024-02-01,0.06311963733789705,0.011514890294239742,0.009591771254215255,0.009279857551232404,0.011176766413818975
2024-02-02,0.09528670435749852,0.002552374530244358,-0.0028419368885952,0.0018271922941494475,-0.018799964491108816
2024-02-06,0.09522035410959856,0.009936804708699247,0.022484361034285884,0.03139267114716761,0.026571557431151478
2024-02-07,0.1304664049386547,0.02822864621028068,0.0012624797171144281,0.021495315634996227,-0.005078401718827477
2024-02-08,0.29639119975634465,0.021945671282114807,-0.005566872068710836,-0.0015850123660973584,-0.020575640168742665
2024-02-09,0.26502108028248306,0.0399329954084116,0.004304392351596333,0.027555570800685655,0.006703424642051486
2024-02-13,0.07572043983990553,-0.004328588760117502,-0.018980693570544997,-0.006011247747516866,-0.029014158664045924
2024-02-14,0.13884897853710298,0.041046849510408934,0.014206267905051698,0.050089749340529226,0.008639489364609862
2024-02-15,0.1923352493856062,0.0021560092291083846,0.004774425665493159,0.016592393955267293,0.007651126698070613
2024-02-16,0.10725297595662645,0.0042584326097615645,0.004751839122020329,-0.0073515759483139004,0.009406771982088382
2024-02-21,0.07702126578168357,-0.00856090431522995,0.0017424951528570024,-0.014421777074224512,0.0
2024-02-22,-0.06354650341014843,-0.010358547640014263,0.01014463920909118,0.0002194296137367094,-0.005954155988407862
2024-02-23,-0.19616864886873037,-0.011231806115512574,-0.000492395529000882,-0.01674972883315023,-0.011109450271630983
2024-02-27,-0.31903304997649057,0.045936216440473146,0.001977381462933694,0.02040251443617926,0.023453564119205548
2024-02-28,-0.2661042079482777,0.09069529297704289,-0.013172833754873154,0.04259461937803647,-0.021652953305884168
2024-02-29,-0.3137958261160989,-0.02112241427001975,0.0005001546178403685,-0.01301642330107799,-0.010247174158659682
2024-03-01,0.011017216500081417,0.0200954657884248,0.01217862571767473,0.027487237303691882,0.005739421191525527
2024-03-05,0.3359715157293222,-0.06858298181492034,-0.008952947890587091,-0.02100705041604603,-0.004252702935257274
2024-03-06,0.1973444034622062,0.03549970020086634,0.014385214576950078,0.07170276235487734,0.00909101491988936
2024-03-07,-0.15371213927521332,0.012308140052515397,0.006137309484004315,0.014329434214494485,-0.0015095629254981298
2024-03-08,0.19294290244118176,0.020331312236987975,-0.0009795403481443617,0.004561544550283379,-0.02353755079098089
2024-03-12,0.31987094211527833,-0.008949836049347838,0.010939808404761458,-0.02141871171114795,0.013298594664958342
2024-03-13,0.39197153485537456,0.02216689906407544,-0.0031482125791676284,0.0065568589305074676,0.003985837167578933
2024-03-14,0.34039327632145805,-0.0233524614583823,-0.005106347974945397,-0.031263114641918506,-0.008604838573088077
2024-03-15,0.3105688348679635,-0.028308923292000562,-0.006113199099109882,-0.0388374261325502,-0.0096139701666937
2024-03-19,0.19859125365661115,-0.08712073185700822,-0.004909239932658406,-0.10807041521511272,0.002809394251118354
2024-03-20,0.139515823788036,0.09251085296877404,0.011255236623943446,0.1067642582840092,0.02280528386629689
2024-03-21,0.01815221905740369,-0.03631867422621332,0.0012161112459975923,-0.005823806495559265,-0.008260682009410658
2024-03-22,-0.003939382577519045,-0.02649844665215931,-0.007072408472539551,-0.04667925447782236,-0.012987215793279
2024-03-26,-0.22890751693336386,0.0004147786065640333,-0.0007337556798957036,-0.0009414108524901415,0.0003099878454760831
2024-03-27,-0.10925990360908766,-0.007637444542951766,0.0017116200418717063,-0.024661050087006715,0.007719574566683475
2024-03-28,0.11396402127462636,0.018397189971880865,0.00365813150353284,0.017328054549411047,-0.0027721164387305873
2024-04-02,-0.06823755541891348,-0.06299090436988572,0.003154030624724423,-0.06719912514607995,0.005638974886726658
2024-04-03,-0.053367704762755264,0.00812374307331999,0.0007265849281327336,0.010383749354783272,0.0024962455142511697
2024-04-04,0.049259928046336734,0.03759886271186141,-0.0036377269792871206,0.0056007620735010885,0.0
2024-04-05,-0.0662396970943359,-0.009845630418288566,0.002184126291046719,-0.003355514641428632,-0.008763809502594687
2024-04-09,-0.04240576405601765,-0.035413761203788405,0.006721071944332573,-0.05282265451086566,0.014349218394780951
2024-04-10,-0.20078031040103034,0.020739301242534747,-0.013730234924903889,0.010944718575246242,-0.02797159026740468
2024-04-11,-0.05970754894624039,-0.00749778258451207,0.006045297771881166,-0.010920619373458104,-0.00813783527657141
2024-04-12,-0.02322375842707656,-0.041748970181434676,-0.023168980606208475,-0.0777516251273086,-0.017435876975322204
2024-04-16,0.18895778366471205,0.0060619201772289105,-0.013248471206691365,-0.0053924386671186314,-0.023978838149116312
2024-04-17,0.08923657870621393,-0.04053958534994488,-0.0007551996245358047,-0.033017312925022226,0.0029875900652963166
2024-04-18,0.09062216078209456,0.03584120208614769,0.004021056033804857,0.026874312433905416,-0.0019907346374078995
2024-04-19,0.14204285225190946,0.005195142876912206,-0.0040210560338049045,-0.0022036534993674084,0.020707428401432786
2024-04-23,-0.06316601970679661,-0.006460398489914604,0.008187698019464899,0.005686954607987599,0.004825475492062198
2024-04-24,-0.19142786116619956,-0.03260630131627199,0.0034533183915399094,-0.02519316024865432,-0.005470762584919836
2024-04-25,0.10346378368358443,0.0031812827691917772,0.0022136742883522623,0.0053060832242908225,-0.005825116692297266
2024-04-26,-0.06406944459344288,-0.011328935219016097,0.011481761834797854,-0.008381181989109839,0.023417222842090205
2024-04-30,0.005829127346773627,-0.051494629716542104,-0.014050564898230472,-0.06526122564673097,-0.022938104300304015
2024-05-01,0.17146066575543234,-0.040089923480657194,0.0009752836922224961,-0.0142100983654365,0.0038596721148298958
2024-05-02,0.04857324209094825,0.014814392549697799,0.02550664394104364,0.0061711957178097335,0.020023017497652687
2024-05-03,0.08299459108515404,0.06175720649824811,0.00898775747127979,0.03788339383392521,0.0165395211383958
2024-05-07,0.0827047831976023,-0.01318192999564668,-0.00566187984490126,-0.018503998431245543,0.005859583337065972
2024-05-08,0.14775401904947477,-0.018569986258493817,0.00023664393359384186,-0.011009687024774535,-0.003696771421246477
2024-05-09,0.16363868833551984,0.02997730860417905,0.003069958574256751,0.020755029698057075,-0.017121065231643286
2024-05-10,0.10207331261194436,-0.036456454635488925,0.002119913927008986,-0.04246626781829076,-0.007563808672907951
2024-05-14,0.16247678540925997,-0.021674038111579395,0.005356907991336613,-0.023395786097884168,0.005960621574766316
2024-05-15,0.38881535496616254,0.07380429766149847,0.010628487676931964,0.05269655364749688,-0.010691871595837286
2024-05-16,0.2037736507862471,-0.015755724397151206,0.002066374606398452,-0.03073550264355441,0.002210693392967662
2024-05-17,-0.01398080027924728,0.027522834905047706,0.004348466298067555,0.04934976715389136,0.0015759713159249412
2024-05-21,0.3015073914292913,-0.01852885718229531,-0.006207599822515697,0.03366866891950015,-0.006973055767246687
2024-05-22,0.41524658637739364,-0.014565869510184994,-0.00323394546010394,-0.013843244909627229,-0.018295997880947042
2024-05-23,0.22142237639952794,-0.017406596587757724,-0.007431599398837358,0.010569357450196248,-0.00747848832949785
2024-05-24,0.23014519842110764,0.008743394668047938,0.002793138946389494,-0.01332471644000898,-0.00687731961373783
2024-05-29,-0.08305598528214062,-0.010570529093847765,-0.015009436884155921,-0.020270383528343885,-0.017253262930469745
2024-05-30,-0.11395701158213081,0.011577009906272178,-0.0028396901600344217,-0.004353355314895978,0.005007509186388341
2024-05-31,-0.20300220528067436,-0.012860492770805693,-0.009763243672984999,0.0035106521272609877,-0.0144224991901381
2024-06-04,-0.2005100381574994,0.025300225248925362,-0.01406976685610224,0.012172544281108134,-0.011218869986800637
2024-06-05,-0.07268321267745834,0.007272217816602819,0.01596219147492279,0.013481152792515601,-0.0034246521319862555
2024-06-06,0.07072207141190448,-0.0045918902720176475,0.004951138963934108,-0.013719845755309394,0.021046267894793195
2024-06-07,-0.17533624643165527,-0.020194557079892095,-0.011353122995771618,-0.035510442059965494,-0.03451558261807764
2024-06-11,0.1917416460925736,-0.03186737491787959,-0.0033389912579850807,-0.047010981983524644,0.005544931397587309
2024-06-12,0.1928570353432797,0.013412234174301008,0.00998352327224011,0.01736727097632723,-0.022146477672467312
2024-06-13,0.05869833454130419,-0.021998155421161833,-0.002367941569876447,-0.025705704714259918,0.0018339242706507052
2024-06-14,0.04940431239210444,-0.011227334405387725,0.0011845298343702063,0.0031630038557184355,-0.0007331350086235389
2024-06-18,0.004727974318829806,-0.020505771883152002,0.009134648098889444,-0.00791920392908301,0.002960839284799294
2024-06-21,-0.07654563126734117,-0.011362664075990998,-0.003509260512483136,0.0014198534045649273,0.011721778594601294
2024-06-25,0.18874268692436852,0.025020978589857558,-0.0023462735450078395,0.013275453882714556,-0.014031476117187611
2024-06-26,0.21372200526888224,-0.016203198264060435,-0.0021164667032823607,-0.0075546915107269795,-0.00873372317314598
2024-06-27,0.025784455923245436,0.01296454786345771,0.0007060180458952735,0.022108376577073693,0.013793345528549777
2024-06-28,-0.0032664333540852533,-0.021073812008611803,0.0018802189836041943,-0.020874913112926562,-0.014890434082061463
2024-07-02,0.3167991710931725,-0.01318017605629068,0.0030406843895769936,-0.006996638978035451,0.0007367236644426107
2024-07-03,0.2469080394485474,-0.030363202506616574,0.014605637083324368,-0.03680039448140592,0.03224328093357094
2024-07-09,0.07575708633876294,0.022737964112148894,0.004116297161143991,0.014895154999188484,0.013991153863276344
2024-07-10,-0.09256316404755599,-0.0046086733698468725,0.0056888836014782245,0.012385572618808289,0.0010414081769526495
2024-07-11,-0.26256801714412553,-0.006909245978268808,0.005882386378409705,-0.0006087624106830084,0.004500669607335197
2024-07-12,-0.09176756765499493,0.009623984558104185,0.004052176549725317,0.010851959194587995,0.006884754963543549
2024-07-16,0.20968871209431594,0.0034931297826731934,0.005660636094443095,-0.013281276223357542,0.0020576788668928013
2024-07-17,0.15351183773569962,-0.01514324245482322,-0.016390025863514013,-0.016030453163747214,-0.006530402854846887
2024-07-18,0.21834427172158322,-0.0022597141603525025,-0.009454790183229816,0.011007020314281727,-0.032238201687446275
2024-07-19,0.16968598390391834,0.041879420109635544,-0.009778782127426777,0.02293129734260735,-0.002853057960241759
2024-07-23,0.12518766386455937,-0.024831503546284737,-0.008855656319902327,0.01201211514150231,-0.0146196419492712
2024-07-24,0.13791840251466667,-0.008462196557576013,-0.014619444504794165,-0.04273144480608137,-0.01083430061102722
2024-07-25,0.027418791456548935,0.006177613679945953,-0.004046227555043422,-0.04974698344282357,-0.00290908172608944
2024-07-26,0.15480998065032098,0.03193999219319689,0.010203024886906848,0.03148111446436277,0.010145052078706678
2024-07-30,-0.040302196484324815,-0.009305346230673276,-0.00451041334182495,-0.012690053134925989,-0.005418088496464873
2024-07-31,-0.0048720045713342985,-0.024183450577486682,0.021652952404716316,-0.014553970196310946,0.0057782527713740196
2024-08-01,0.013681601690509726,0.011359846111043197,-0.01761633264836996,-0.009243606225469832,-0.014508876466451819
2024-08-02,0.15714319325780213,-0.06221701386487153,-0.01432007151782891,-0.06970046769621462,-0.006966087747610506
2024-08-06,0.31515025560918686,0.03713846509911699,0.005674185483953514,0.01703001480287719,0.0220839911507693
2024-08-07,0.28972758716737634,-0.018131945621423673,0.006131259120406007,-0.050950140414945395,0.014815028930710473
2024-08-08,0.20750793029918174,0.11461585743295792,0.022483658846407035,0.13837472540841295,0.018831688438089293
2024-08-09,-0.004597508928369576,-0.013541633552667406,0.005483444061610282,-0.031709990019111754,0.026742390221496673
2024-08-13,-0.07926118269042169,0.02092453927711503,0.011075791441349417,-0.00764912091036673,0.017848528735913808
2024-08-14,-0.026779093501939792,-0.0313783013916643,-0.005404842332185651,-0.015189492393236552,0.0013343596055752774
2024-08-15,0.06409940400572828,-0.02024486209713598,0.011013688715699122,-0.03548130840522891,0.003659946605407838
2024-08-16,0.05114744349581388,0.022911430101342656,0.01158499093579815,0.008947435404047986,0.004308192138484189
2024-08-20,-0.19626126380333103,-0.008112024604757306,-0.007787396396367035,-0.02464399960665874,-0.012361922771297206
2024-08-21,-0.12691764389957758,0.035987487774751865,0.0039010956912088547,0.02240022447604025,0.001308536980565291
2024-08-22,-0.2097171534164769,-0.013052114105543453,-0.012445432327002764,-0.0032141383843607603,-0.027507982495763066
2024-08-23,-0.04638201786198401,0.05966667778992524,0.016559847857261323,0.052540444326856055,0.022592376487384925
2024-08-27,0.30830995476623396,-0.05519287756090793,0.0013793213897849918,-0.08667332605342254,-0.0016299858904368686
2024-08-28,0.2361842497214869,-0.00804021450926693,-0.006222030149573861,0.02794927437788038,-0.003595348613797849
2024-08-29,0.1310121300439832,0.006089656742738993,0.00046218692573518,0.00014917213115699394,-0.022517561250579188
2024-08-30,0.029492249162857767,-0.004534788620027655,0.002077385877955523,-0.001175442092530881,0.00033490994034346053
2024-09-04,0.05099746291812419,0.009367548966836616,-0.00023525264777115844,0.011653410515005637,0.006784332436374229
2024-09-05,0.10352361552552414,-0.031738730145491646,0.0014107802742267194,-0.033735528614387535,0.012430819375843607
2024-09-06,0.22811058732513306,-0.04017885990554018,-0.018497236633389105,-0.06268304999646478,-0.01989604385696896
2024-09-10,-0.04824634132004264,0.010973955159393974,-0.00380515520091926,0.013099792549207671,-0.01573206482750831
2024-09-11,-0.1774428814086968,-0.005314110423381013,0.0073591261672338966,-0.02103484508209975,0.006528012673591133
2024-09-12,-0.1243670368835935,0.013576697629400721,0.008244150267555164,0.00933309346577322,0.0027360418275588472
2024-09-13,-0.20330945284227747,0.0411907229072504,0.004680473058321626,0.03324019383426923,0.012557315830239342
2024-09-17,-0.03607753580866222,0.035717088660707746,0.0011628578967224894,0.020024028033948524,0.005982048452502383
2024-09-18,-0.3164327890738382,0.02199433056839477,-0.003492824586539639,0.011895127545669125,-0.004982552009594567
2024-09-19,-0.25328796242911134,0.020721119053916288,0.02100487061369333,0.039315669682806115,0.002660450162499955
2024-09-20,-0.09967801067143536,0.0040040116474054175,-0.0020580025197571503,0.038334655280300785,-0.03103118087596647
2024-09-24,0.05320020379990206,0.015234244172186632,0.033500141193056464,0.00219072378340883,0.024196081560796324
2024-09-25,0.06687246093881617,-0.01818596455888868,-0.010598462469311674,-0.028649257997379086,-0.006756756280618519
2024-09-26,-0.055358489036374706,0.03176403065562404,0.03597125132627412,0.02026755789673181,0.007429927722678026
2024-09-27,0.12554824658527683,0.009309629648678252,-0.0019289411863727842,0.023912355962124945,0.0003364158623367191
2024-10-01,-0.06807258369910354,-0.04015297041725014,0.007170060605071985,-0.06104115266475197,0.0006779634916863075
2024-10-02,-0.13248082082846396,-0.0033625289659382266,0.01950973105962395,-0.034771594518332734,0.008771952127437175
2024-10-03,-0.0889233764701309,0.0020860853737759526,-0.011960823618880881,-0.006549484508482835,-0.01864776887605478
2024-10-04,0.16554750717067757,0.021300283559387175,0.009196829962116142,0.027287462033179014,0.006481393575410106
2024-10-08,0.034278866742340916,-0.0016835665376192953,-0.02501465147451415,0.0074231254351555245,-0.008592561294556706
2024-10-09,-0.04006478099748694,-0.025261155468464205,-0.005427155899668462,-0.029767390727599395,-0.021281176326286635
2024-10-10,0.11668913909834411,-0.005090366975952731,0.001957132770035911,0.006554737109736946,0.0052752556656182215
2024-10-11,0.021116759904681426,0.03537847936044716,0.007143674490416962,0.021847948378953628,-0.006686608107741626
2024-10-15,0.3612500839579021,0.014952642422039789,-0.02145438040488384,-0.008740560369299363,-0.01918105833516013
2024-10-16,0.18006944807141723,0.008490108547449185,0.007715225375594764,0.0019474636630232294,0.001759083228794975
2024-10-17,0.22403927014671948,-0.0031535287872272158,-0.001538202621476182,-0.00261864834037678,-0.0021112565411989994
2024-10-18,0.19948331950332815,0.01500489704966544,0.009847844079912205,0.014212990821686776,-0.006715041648985661
2024-10-22,0.11187642314569883,-9.56779931777652e-05,-0.002195437333748517,-0.01722154792344878,-0.002488071369848457
2024-10-23,0.14585901645657964,-0.013890438213698968,-0.005951657882978092,-0.04332602482144412,-0.003208050512344346
2024-10-24,0.031425200585705484,0.02569154796745315,-0.0015488417644678092,0.010072125451518981,0.01171275073698183
2024-10-25,0.27997553434308475,-0.02253213347279499,-0.0008861686227878716,-0.039665511408436306,-0.00743765817385381
2024-10-29,-0.06918126618263148,0.03944659057776213,-0.00309392004913751,0.02791075260486656,-0.011630191480422259
2024-10-30,-0.1436188233808072,-0.00525236341818716,-0.009786513332325995,0.007332923830771978,-0.0010639390815065006
2024-10-31,0.0686401180149878,-0.029806220896924952,-0.006503149966169642,-0.054747302007758666,-0.014296189168066539
2024-11-01,-0.016268552507643974,-0.010490161236778449,0.0008995199530229168,-0.0015569071230169813,-0.028109215634964727
2024-11-05,0.21067634895313547,0.022572112490931908,0.01354204690483882,0.0106332889134209,0.010377732210640069
2024-11-06,0.27440803337541747,0.08666903126846402,-0.012425168310646864,0.11730125264069904,0.008507639416005597
2024-11-07,0.10549249532486751,0.0035076496874788744,0.02186236686346846,0.0610238212650149,-0.0028279203965528355
2024-11-08,-0.08410447378867592,0.008404323339316332,-0.024992954688260974,0.022777538004594824,-0.01930010064404619
2024-11-12,0.20003545297688144,-0.008442066269106777,-0.019139308863365005,-0.03883717170826067,-0.0007219422160947217
2024-11-13,0.21471332982223357,0.02944485048776148,-0.006462232229344652,-0.016668377768941905,-0.005795072445397037
2024-11-14,0.2122128812934262,-0.03749692231881138,-0.005572290428352254,-0.042763057630081716,-0.0043683919510573085
2024-11-15,0.4156813384880385,0.04280211829142622,0.0,0.01431114127592229,-0.00402119251198436
2024-11-19,0.1788278881374162,0.019697543183651734,-0.0006908057817588607,-0.03053528608605521,-0.004024212525632992
2024-11-20,0.3175970227180058,0.021381444998432572,-0.0011524965995937336,-0.012677646434410245,-0.004408435223791999
2024-11-21,0.28532103978064005,0.04320463738221239,-0.002077865449827674,0.08986459438020718,-0.008875841954873676
2024-11-22,0.2679968896025534,0.004991722095061175,0.00023106676077367305,-0.008801683663305197,0.021680141662004524
2024-11-26,-0.08404123885529921,-0.012069852534281012,-0.0041647775962116015,-0.02582512070414831,0.0014577205637764813
2024-11-27,-0.27264691172188327,0.04232881330495687,0.0013900948925881346,0.09478538754645882,-0.037096256035589026
2024-12-03,0.13237411342809163,0.0014266034685602644,0.002070218202229665,-0.0064658468521986735,0.006319111436724516
2024-12-04,0.20724267659061046,0.028408310872006196,0.002524236527484315,0.05914833494591177,0.0019664777912524107
2024-12-05,0.08268113141480563,-0.022266865312221884,0.006624786975303725,-0.0079251353622021,0.01675474492108004
2024-12-06,0.051630814024435714,0.03386480176780916,-0.0015950759777994328,0.0498521437821613,-0.023852539171170757
2024-12-10,0.23232387708476634,-0.007802793553987951,-0.016220263886918284,-0.023633887951846233,0.010907822351397681
2024-12-11,0.25713853869025766,0.04547294957076326,0.0040797301772232415,0.05386366878061331,0.02675990226582706
2024-12-12,0.2646284866479384,-0.011232138149604486,-0.004988561308445136,0.013032853981372694,-0.029864442522704614
2024-12-13,0.33076806347858045,0.014057223472297039,0.0009088311312218965,0.0072113869709225994,-0.018831398385153183
2024-12-17,-0.005613091889439592,0.0010452246330361938,-0.0023947871232375597,-0.025582213898984484,0.016468280047891626
2024-12-18,-0.04913982727892511,-0.059179154653770175,-0.023552645584037614,-0.07143741459791197,-0.06899301045426412
2024-12-19,0.05636547877849131,-0.025825905125142587,0.0033309653411152697,-0.05710555070104135,0.01901459429647524
2024-12-20,0.20317421403723707,0.002714273553183173,0.0040299501118713915,0.015855679498072085,0.011324202838498653
2024-12-24,0.25640357560659693,0.041273994068279446,0.003053392141778542,0.022081448333140734,0.006170043457889022
2024-12-27,0.07232460022762358,-0.01716880486495554,-0.004481758029070561,-0.0006933298713642455,-0.007067109554673794
