Date,isf,n_pos,n_neg,n_neutral,n_total
2021-01-01,0.051264812169089846,2,1,7,10
2021-01-02,0.11087051053043775,2,1,7,10
2021-01-03,0.07341679996342383,2,1,7,10
2021-01-04,0.14338622880749002,2,1,7,10
2021-01-05,0.293907315753013,3,1,6,10
2021-01-06,0.18088403453183957,2,1,7,10
2021-01-07,0.1074208718709755,2,1,7,10
2021-01-08,0.2772717888362025,3,1,6,10
2021-01-09,0.29026151450106213,3,1,6,10
2021-01-10,0.15027574237267757,2,1,7,10
2021-01-11,0.18072912203173763,2,1,7,10
2021-01-12,0.07980649044231544,2,1,7,10
2021-01-13,0.013929332618255665,2,1,7,10
2021-01-14,0.05603222304897172,2,1,7,10
2021-01-15,-0.17523000011792267,1,2,7,10
2021-01-16,-0.30294695571903224,1,3,6,10
2021-01-17,-0.24644734046710626,1,2,7,10
2021-01-18,-0.2637878214845685,1,2,7,10
2021-01-19,-0.1158097197943552,1,2,7,10
2021-01-20,-0.16629652266969475,1,2,7,10
2021-01-21,-0.2596264996363551,1,2,7,10
2021-01-22,0.025063311766137103,2,1,7,10
2021-01-23,0.007140680848786288,2,1,7,10
2021-01-24,0.030687511373443388,2,1,7,10
2021-01-25,-0.13308021569369516,1,2,7,10
2021-01-26,-0.13388538288474233,1,2,7,10
2021-01-27,-0.05577210385071714,1,1,8,10
2021-01-28,-0.15642841253446102,1,2,7,10
2021-01-29,-0.0386520216867376,1,1,8,10
2021-01-30,-0.07925777262745459,1,1,8,10
2021-01-31,-0.06857811792385726,1,1,8,10
2021-02-01,-0.0988378858588534,1,2,7,10
2021-02-02,0.17597144059199926,2,1,7,10
2021-02-03,0.1307044536754289,2,1,7,10
2021-02-04,-0.024024732326497808,1,1,8,10
2021-02-05,0.10103199769934054,2,1,7,10
2021-02-06,-0.06288775523276988,1,1,8,10
2021-02-07,0.0021292747584516734,2,1,7,10
2021-02-08,-0.21583370201339805,1,2,7,10
2021-02-09,-0.28173154791733895,1,2,7,10
2021-02-10,-0.14155947358279405,1,2,7,10
2021-02-11,0.014545016029814548,2,1,7,10
2021-02-12,0.04796113842135736,2,1,7,10
2021-02-13,0.035239630346474864,2,1,7,10
2021-02-14,0.004716000513675454,2,1,7,10
2021-02-15,-0.1564145542510208,1,2,7,10
2021-02-16,-0.1701080810113471,1,2,7,10
2021-02-17,-0.1479042209133687,1,2,7,10
2021-02-18,0.04865960781176168,2,1,7,10
2021-02-19,0.0908056240850419,2,1,7,10
2021-02-20,-0.13459847872906938,1,2,7,10
2021-02-21,-0.030656250587338257,1,1,8,10
2021-02-22,-0.04819375227254641,1,1,8,10
2021-02-23,-0.09461389475468876,1,1,8,10
2021-02-24,0.029844807329537898,2,1,7,10
2021-02-25,0.1610617517228952,2,1,7,10
2021-02-26,0.23438643717300717,3,1,6,10
2021-02-27,0.06958776563491949,2,1,7,10
2021-02-28,0.026069246819733362,2,1,7,10
2021-03-01,0.0746393064604358,2,1,7,10
2021-03-02,0.1835236487131478,2,1,7,10
2021-03-03,0.07973214738129274,2,1,7,10
2021-03-04,0.04748950285736368,2,1,7,10
2021-03-05,-0.08394933576425553,1,1,8,10
2021-03-06,-0.18016917887726513,1,2,7,10
2021-03-07,-0.0016641833237371478,2,1,7,10
2021-03-08,0.17960976852725102,2,1,7,10
2021-03-09,0.12604781921225455,2,1,7,10
2021-03-10,0.22029771449418978,3,1,6,10
2021-03-11,0.2045325216861209,3,1,6,10
2021-03-12,0.07347445280254514,2,1,7,10
2021-03-13,0.10906855124184545,2,1,7,10
2021-03-14,0.27340163054229727,3,1,6,10
2021-03-15,0.19135461941848048,2,1,7,10
2021-03-16,0.3300804255788745,3,1,6,10
2021-03-17,-0.08187445160531945,1,1,8,10
2021-03-18,0.06335259124075066,2,1,7,10
2021-03-19,0.06956751675424991,2,1,7,10
2021-03-20,0.02728068809353979,2,1,7,10
2021-03-21,0.046686424704242585,2,1,7,10
2021-03-22,-0.190219409435168,1,2,7,10
2021-03-23,-0.13206055841417919,1,2,7,10
2021-03-24,-0.025043170128625468,1,1,8,10
2021-03-25,0.1790119090445568,2,1,7,10
2021-03-26,0.07210799894530567,2,1,7,10
2021-03-27,-0.032206348773552385,1,1,8,10
2021-03-28,-0.06320228767377199,1,1,8,10
2021-03-29,0.08670945139547855,2,1,7,10
2021-03-30,0.11375396082540462,2,1,7,10
2021-03-31,0.02831153434364979,2,1,7,10
2021-04-01,0.09793727355615653,2,1,7,10
2021-04-02,0.09325121799244802,2,1,7,10
2021-04-03,0.19479337481821934,3,1,6,10
2021-04-04,0.06031200662574174,2,1,7,10
2021-04-05,0.017826030974181388,2,1,7,10
2021-04-06,-0.01752337398345957,1,1,8,10
2021-04-07,-0.16906930260592148,1,2,7,10
2021-04-08,-0.05641792918691841,1,1,8,10
2021-04-09,0.012597662949271195,2,1,7,10
2021-04-10,0.026744779973303028,2,1,7,10
2021-04-11,0.007176335236810785,2,1,7,10
2021-04-12,-0.14723718688294124,1,2,7,10
2021-04-13,-0.12823892594657343,1,2,7,10
2021-04-14,-0.10653835958930363,1,2,7,10
2021-04-15,-0.1475805217804602,1,2,7,10
2021-04-16,-0.09733894029803879,1,2,7,10
2021-04-17,0.0031584758832008328,2,1,7,10
2021-04-18,0.2463380017285256,3,1,6,10
2021-04-19,0.19901172292254377,3,1,6,10
2021-04-20,0.1782063510455666,2,1,7,10
2021-04-21,0.12484330254685967,2,1,7,10
2021-04-22,-0.13116171492124473,1,2,7,10
2021-04-23,-0.07049409549353365,1,1,8,10
2021-04-24,-0.020650852618692258,1,1,8,10
2021-04-25,0.3001086835552658,3,1,6,10
2021-04-26,0.18993001279636954,2,1,7,10
2021-04-27,0.17758287365685516,2,1,7,10
2021-04-28,0.1292061397715081,2,1,7,10
2021-04-29,-0.03831468940368214,1,1,8,10
2021-04-30,0.1301768738885905,2,1,7,10
2021-05-01,0.19278961620917817,2,1,7,10
2021-05-02,0.23817976844031288,3,1,6,10
2021-05-03,0.06363303917001616,2,1,7,10
2021-05-04,0.22763947703202386,3,1,6,10
2021-05-05,-0.002313783205076747,2,1,7,10
2021-05-06,0.08686157643191399,2,1,7,10
2021-05-07,0.3372573840371229,3,1,6,10
2021-05-08,0.11829562486762873,2,1,7,10
2021-05-09,0.026879112870807492,2,1,7,10
2021-05-10,0.047372271435723264,2,1,7,10
2021-05-11,-0.01168241780154234,1,1,8,10
2021-05-12,-0.175730499039757,1,2,7,10
2021-05-13,-0.08805458313993732,1,1,8,10
2021-05-14,-0.1667692404289104,1,2,7,10
2021-05-15,-0.03362623034338853,1,1,8,10
2021-05-16,-0.11424527357207748,1,2,7,10
2021-05-17,0.12967538503943582,2,1,7,10
2021-05-18,0.008241289454466283,2,1,7,10
2021-05-19,-0.015347859540096542,1,1,8,10
2021-05-20,0.10558864164247907,2,1,7,10
2021-05-21,-0.06112841664528179,1,1,8,10
2021-05-22,0.0055044055922438065,2,1,7,10
2021-05-23,0.1783776784080313,2,1,7,10
2021-05-24,-0.05900981292294549,1,1,8,10
2021-05-25,0.001742368883143379,2,1,7,10
2021-05-26,0.05026115934303546,2,1,7,10
2021-05-27,0.14443118244543174,2,1,7,10
2021-05-28,-0.03661113245665776,1,1,8,10
2021-05-29,-0.16430934540775927,1,2,7,10
2021-05-30,-0.02622540238183438,1,1,8,10
2021-05-31,0.03653433349897142,2,1,7,10
2021-06-01,0.07174914307501806,2,1,7,10
2021-06-02,0.10615341239758026,2,1,7,10
2021-06-03,0.00533943572818972,2,1,7,10
2021-06-04,0.049283761141825186,2,1,7,10
2021-06-05,0.08514582579720956,2,1,7,10
2021-06-06,-0.012434699135796479,1,1,8,10
2021-06-07,0.2337530711582845,3,1,6,10
2021-06-08,0.22674213102148089,3,1,6,10
2021-06-09,0.022368649758826187,2,1,7,10
2021-06-10,0.11126873963847803,2,1,7,10
2021-06-11,-0.0266944354030864,1,1,8,10
2021-06-12,0.09504145369626953,2,1,7,10
2021-06-13,0.21875109864264514,3,1,6,10
2021-06-14,0.061649020174695535,2,1,7,10
2021-06-15,0.17361968288205215,2,1,7,10
2021-06-16,0.18032918936489514,2,1,7,10
2021-06-17,0.23380387654570206,3,1,6,10
2021-06-18,0.39753036193236146,4,1,5,10
2021-06-19,0.24689084559487195,3,1,6,10
2021-06-20,0.08797339417294948,2,1,7,10
2021-06-21,-0.031616341083464186,1,1,8,10
2021-06-22,-0.10050517164092286,1,2,7,10
2021-06-23,-0.05663788243711093,1,1,8,10
2021-06-24,0.022066297653056597,2,1,7,10
2021-06-25,0.06548867365327052,2,1,7,10
2021-06-26,0.15977231201813014,2,1,7,10
2021-06-27,0.12335491409631488,2,1,7,10
2021-06-28,0.2725474676806641,3,1,6,10
2021-06-29,0.1633397182630584,2,1,7,10
2021-06-30,0.4505338011209236,4,1,5,10
2021-07-01,0.3858697367195826,3,1,6,10
2021-07-02,0.1658991063569562,2,1,7,10
2021-07-03,-0.0027299963761304724,2,1,7,10
2021-07-04,0.07406487644387887,2,1,7,10
2021-07-05,0.0392693197086006,2,1,7,10
2021-07-06,0.12914780136082288,2,1,7,10
2021-07-07,0.15867727009254168,2,1,7,10
2021-07-08,0.1123434403005088,2,1,7,10
2021-07-09,-0.010649325713696423,1,1,8,10
2021-07-10,-0.17076104441702497,1,2,7,10
2021-07-11,-0.1466337888599273,1,2,7,10
2021-07-12,0.02539857681904535,2,1,7,10
2021-07-13,0.060143008487185394,2,1,7,10
2021-07-14,-0.0924530136695866,1,1,8,10
2021-07-15,-0.021370063523908002,1,1,8,10
2021-07-16,0.050290228536101655,2,1,7,10
2021-07-17,-0.05543155953648844,1,1,8,10
2021-07-18,0.00035918327392730695,2,1,7,10
2021-07-19,0.02516119960075418,2,1,7,10
2021-07-20,-0.1028589717400031,1,2,7,10
2021-07-21,-0.005981164130026577,2,1,7,10
2021-07-22,0.0813490707388523,2,1,7,10
2021-07-23,0.20078572942046868,3,1,6,10
2021-07-24,0.27490965462667444,3,1,6,10
2021-07-25,0.031313635611668916,2,1,7,10
2021-07-26,-0.0742424573830485,1,1,8,10
2021-07-27,0.03148931902523909,2,1,7,10
2021-07-28,0.10006505573505192,2,1,7,10
2021-07-29,0.14479069284369095,2,1,7,10
2021-07-30,0.5743844134861471,4,1,5,10
2021-07-31,0.45979941430835714,4,1,5,10
2021-08-01,0.45308018038128545,4,1,5,10
2021-08-02,0.42692501312620124,4,1,5,10
2021-08-03,0.37361089294790806,3,1,6,10
2021-08-04,0.22295745531848024,3,1,6,10
2021-08-05,0.2539413366753857,3,1,6,10
2021-08-06,0.09026552735367356,2,1,7,10
2021-08-07,0.048197044230268195,2,1,7,10
2021-08-08,-0.00897286273063664,1,1,8,10
2021-08-09,0.021935220210626334,2,1,7,10
2021-08-10,0.3099596053969096,3,1,6,10
2021-08-11,-0.0046553953438370765,2,1,7,10
2021-08-12,0.09726790013062897,2,1,7,10
2021-08-13,-0.11235908519866793,1,2,7,10
2021-08-14,-0.11172254501468473,1,2,7,10
2021-08-15,0.07599710163572028,2,1,7,10
2021-08-16,0.07505440261385515,2,1,7,10
2021-08-17,-0.06260132739332944,1,1,8,10
2021-08-18,-0.10858462365767887,1,2,7,10
2021-08-19,0.028914408753851262,2,1,7,10
2021-08-20,-0.050906945856871624,1,1,8,10
2021-08-21,0.010828200202051871,2,1,7,10
2021-08-22,0.030449635178972815,2,1,7,10
2021-08-23,-0.04045709458718427,1,1,8,10
2021-08-24,0.24891886349655076,3,1,6,10
2021-08-25,0.2558102282101008,3,1,6,10
2021-08-26,-0.05879777780316589,1,1,8,10
2021-08-27,0.002098646459454928,2,1,7,10
2021-08-28,-0.06010757131437941,1,1,8,10
2021-08-29,0.0811647630803817,2,1,7,10
2021-08-30,-0.02440270835049453,1,1,8,10
2021-08-31,-0.011687449144667884,1,1,8,10
2021-09-01,0.07094431579280217,2,1,7,10
2021-09-02,0.16794711282491742,2,1,7,10
2021-09-03,-0.016927261251315356,1,1,8,10
2021-09-04,-0.03320018385508734,1,1,8,10
2021-09-05,-0.06063087258594006,1,1,8,10
2021-09-06,-0.09986689083052502,1,2,7,10
2021-09-07,0.16488371405307178,2,1,7,10
2021-09-08,0.17371490370899276,2,1,7,10
2021-09-09,-0.020448702850178663,1,1,8,10
2021-09-10,0.11479446105313844,2,1,7,10
2021-09-11,0.3472178275852374,3,1,6,10
2021-09-12,0.36753010345572334,3,1,6,10
2021-09-13,0.07451285559092005,2,1,7,10
2021-09-14,0.008267951649329315,2,1,7,10
2021-09-15,0.17534619073364022,2,1,7,10
2021-09-16,0.04699737236179391,2,1,7,10
2021-09-17,0.10174930767189488,2,1,7,10
2021-09-18,0.1770358206574335,2,1,7,10
2021-09-19,0.021784311097143266,2,1,7,10
2021-09-20,0.02495944374490856,2,1,7,10
2021-09-21,-0.3547857581149167,1,3,6,10
2021-09-22,-0.3355945754756292,1,3,6,10
2021-09-23,-0.23050196796715677,1,2,7,10
2021-09-24,-0.2816175767552524,1,2,7,10
2021-09-25,0.030780615840063613,2,1,7,10
2021-09-26,-0.13366688080005312,1,2,7,10
2021-09-27,-0.12174612666449114,1,2,7,10
2021-09-28,-0.045503428798406846,1,1,8,10
2021-09-29,0.16131825022815083,2,1,7,10
2021-09-30,-0.04950391123405325,1,1,8,10
2021-10-01,0.125344792215642,2,1,7,10
2021-10-02,0.10064476652169918,2,1,7,10
2021-10-03,-0.0344192556274682,1,1,8,10
2021-10-04,0.051022585012919605,2,1,7,10
2021-10-05,0.0749945279863956,2,1,7,10
2021-10-06,-0.005336897808716767,2,1,7,10
2021-10-07,0.022849950882317817,2,1,7,10
2021-10-08,-0.013442479290723196,1,1,8,10
2021-10-09,0.02282715415036113,2,1,7,10
2021-10-10,0.11223601539944178,2,1,7,10
2021-10-11,0.28121811220626086,3,1,6,10
2021-10-12,0.05219659733402912,2,1,7,10
2021-10-13,0.3078344774850524,3,1,6,10
2021-10-14,-0.016215441318234713,1,1,8,10
2021-10-15,-0.010811564001941117,1,1,8,10
2021-10-16,0.08151323243606891,2,1,7,10
2021-10-17,0.10464530947083016,2,1,7,10
2021-10-18,0.011238193036749791,2,1,7,10
2021-10-19,0.0002728396901957829,2,1,7,10
2021-10-20,-0.041040082101251235,1,1,8,10
2021-10-21,-0.07945713993993724,1,1,8,10
2021-10-22,0.06824779494074519,2,1,7,10
2021-10-23,0.10514560928647149,2,1,7,10
2021-10-24,0.0031381788641094005,2,1,7,10
2021-10-25,0.12793448557284265,2,1,7,10
2021-10-26,0.1379760423867223,2,1,7,10
2021-10-27,0.20517056607122613,3,1,6,10
2021-10-28,0.22685901323631188,3,1,6,10
2021-10-29,0.06592164155213551,2,1,7,10
2021-10-30,-0.00642997355556682,1,1,8,10
2021-10-31,0.10343843406285443,2,1,7,10
2021-11-01,0.1584220982520526,2,1,7,10
2021-11-02,0.11840885684731786,2,1,7,10
2021-11-03,0.10898772720699189,2,1,7,10
2021-11-04,0.24210449443833715,3,1,6,10
2021-11-05,0.10432203898380099,2,1,7,10
2021-11-06,0.15140369533905662,2,1,7,10
2021-11-07,0.09209196793750096,2,1,7,10
2021-11-08,0.05168071903129064,2,1,7,10
2021-11-09,0.18338837386798315,2,1,7,10
2021-11-10,0.23619508915193407,3,1,6,10
2021-11-11,0.26909064852801523,3,1,6,10
2021-11-12,0.34950906266091086,3,1,6,10
2021-11-13,0.2476440359847046,3,1,6,10
2021-11-14,0.2607456642046351,3,1,6,10
2021-11-15,0.15019535520097954,2,1,7,10
2021-11-16,0.1544696274384312,2,1,7,10
2021-11-17,0.10273077557003958,2,1,7,10
2021-11-18,0.09635720417883335,2,1,7,10
2021-11-19,0.15199371002785275,2,1,7,10
2021-11-20,0.018552113789269034,2,1,7,10
2021-11-21,0.2810880313044615,3,1,6,10
2021-11-22,0.07992781882711719,2,1,7,10
2021-11-23,-0.07580686703772024,1,1,8,10
2021-11-24,0.10764152550467142,2,1,7,10
2021-11-25,0.18290919911277018,2,1,7,10
2021-11-26,0.21172804172874068,3,1,6,10
2021-11-27,0.23096737249457647,3,1,6,10
2021-11-28,0.16660186363902638,2,1,7,10
2021-11-29,0.018563371046248806,2,1,7,10
2021-11-30,0.03910542242249033,2,1,7,10
2021-12-01,-0.037898196547653244,1,1,8,10
2021-12-02,0.11032322451333698,2,1,7,10
2021-12-03,0.07200589441259385,2,1,7,10
2021-12-04,-0.034313147987733925,1,1,8,10
2021-12-05,-0.04292716293120482,1,1,8,10
2021-12-06,0.039591802866973225,2,1,7,10
2021-12-07,-0.023969590213762916,1,1,8,10
2021-12-08,-0.09630399684773623,1,2,7,10
2021-12-09,-0.015412448312817635,1,1,8,10
2021-12-10,0.03732058138889671,2,1,7,10
2021-12-11,-0.018632118882571262,1,1,8,10
2021-12-12,-0.05069278968868861,1,1,8,10
2021-12-13,0.0128383634444502,2,1,7,10
2021-12-14,-0.14748250048160483,1,2,7,10
2021-12-15,-0.24681659397904832,1,2,7,10
2021-12-16,-0.2287014083774923,1,2,7,10
2021-12-17,-0.15632688939161024,1,2,7,10
2021-12-18,-0.04636088597360467,1,1,8,10
2021-12-19,0.16485085441028463,2,1,7,10
2021-12-20,0.22801489441010878,3,1,6,10
2021-12-21,0.1469597420301409,2,1,7,10
2021-12-22,0.11118457163045035,2,1,7,10
2021-12-23,-0.030090867937562882,1,1,8,10
2021-12-24,-0.0038379562193212213,2,1,7,10
2021-12-25,-0.019191023953793945,1,1,8,10
2021-12-26,0.04419474592978612,2,1,7,10
2021-12-27,-0.05259844411273633,1,1,8,10
2021-12-28,0.046075277294843495,2,1,7,10
2021-12-29,0.23182028406113903,3,1,6,10
2021-12-30,0.1555746510840989,2,1,7,10
2021-12-31,0.1672716141157187,2,1,7,10
2022-01-01,0.2094865124397321,3,1,6,10
2022-01-02,0.10596246071870696,2,1,7,10
2022-01-03,0.11370938154359098,2,1,7,10
2022-01-04,0.09336487035633095,2,1,7,10
2022-01-05,0.09035098181665638,2,1,7,10
2022-01-06,-0.016090351622647894,1,1,8,10
2022-01-07,0.010425176615533438,2,1,7,10
2022-01-08,0.08447884400873215,2,1,7,10
2022-01-09,0.24699116580026237,3,1,6,10
2022-01-10,0.2935994411595768,3,1,6,10
2022-01-11,0.46716421591429313,4,1,5,10
2022-01-12,0.22951771705690602,3,1,6,10
2022-01-13,0.2718076767526517,3,1,6,10
2022-01-14,0.21661871483700726,3,1,6,10
2022-01-15,0.42152120088935685,4,1,5,10
2022-01-16,0.19493567059464523,3,1,6,10
2022-01-17,0.04388424908400773,2,1,7,10
2022-01-18,-0.025459671289496194,1,1,8,10
2022-01-19,-0.2534735889961679,1,2,7,10
2022-01-20,-0.20990575119001903,1,2,7,10
2022-01-21,-0.20959197340077468,1,2,7,10
2022-01-22,-0.10024484407417719,1,2,7,10
2022-01-23,-0.006205747295774604,2,1,7,10
2022-01-24,0.23904944922283428,3,1,6,10
2022-01-25,0.28737568683634973,3,1,6,10
2022-01-26,0.1355084420233204,2,1,7,10
2022-01-27,-0.0017865889874632418,2,1,7,10
2022-01-28,0.07581170199811102,2,1,7,10
2022-01-29,-0.09120769428452345,1,1,8,10
2022-01-30,0.17843273487676364,2,1,7,10
2022-01-31,0.27545677641563227,3,1,6,10
2022-02-01,0.14068851067677784,2,1,7,10
2022-02-02,-0.09618592729181824,1,1,8,10
2022-02-03,0.11788651641934911,2,1,7,10
2022-02-04,0.08082413850144422,2,1,7,10
2022-02-05,0.2190163317219356,3,1,6,10
2022-02-06,-0.03102801917688447,1,1,8,10
2022-02-07,-0.07415053096024621,1,1,8,10
2022-02-08,-0.029625916898796616,1,1,8,10
2022-02-09,0.004323509526732691,2,1,7,10
2022-02-10,-0.03325489112595154,1,1,8,10
2022-02-11,0.07106899690901279,2,1,7,10
2022-02-12,-0.06397691927587157,1,1,8,10
2022-02-13,-0.0407278514726903,1,1,8,10
2022-02-14,0.005905056607360612,2,1,7,10
2022-02-15,0.08351363114101573,2,1,7,10
2022-02-16,0.15762032987150845,2,1,7,10
2022-02-17,-0.014561152344882367,1,1,8,10
2022-02-18,-0.17561576525326678,1,2,7,10
2022-02-19,0.05711365547237912,2,1,7,10
2022-02-20,0.09494424175377887,2,1,7,10
2022-02-21,-0.01016194298764872,1,1,8,10
2022-02-22,0.19747565837991252,3,1,6,10
2022-02-23,0.16018281832126763,2,1,7,10
2022-02-24,0.26357717825566457,3,1,6,10
2022-02-25,0.1973700678945765,3,1,6,10
2022-02-26,0.3935229793764946,3,1,6,10
2022-02-27,0.4843735219470875,4,1,5,10
2022-02-28,0.3029097757072995,3,1,6,10
2022-03-01,0.33142255258344877,3,1,6,10
2022-03-02,0.31081245738864083,3,1,6,10
2022-03-03,0.3842065684656798,3,1,6,10
2022-03-04,0.1518861384922608,2,1,7,10
2022-03-05,0.19899484947896368,3,1,6,10
2022-03-06,0.27430027484245834,3,1,6,10
2022-03-07,-0.014810875463994344,1,1,8,10
2022-03-08,-0.1336754063123079,1,2,7,10
2022-03-09,-0.31365419117503074,1,3,6,10
2022-03-10,-0.21826136013793548,1,2,7,10
2022-03-11,-0.03782212913496115,1,1,8,10
2022-03-12,0.17364114657298005,2,1,7,10
2022-03-13,0.1397008031819915,2,1,7,10
2022-03-14,0.3041820717960309,3,1,6,10
2022-03-15,0.050048855940814596,2,1,7,10
2022-03-16,-0.15393145210190762,1,2,7,10
2022-03-17,-0.08877848347465277,1,1,8,10
2022-03-18,0.0063245238733740106,2,1,7,10
2022-03-19,0.01813025500558338,2,1,7,10
2022-03-20,-0.21836570199197453,1,2,7,10
2022-03-21,-0.1346894267771366,1,2,7,10
2022-03-22,-0.22614178320653971,1,2,7,10
2022-03-23,-0.04868876896546476,1,1,8,10
2022-03-24,0.030286773963251145,2,1,7,10
2022-03-25,-0.07515648702398794,1,1,8,10
2022-03-26,-0.09257306238681394,1,1,8,10
2022-03-27,-0.1693354289189218,1,2,7,10
2022-03-28,-0.09964683621089837,1,2,7,10
2022-03-29,0.06778931918224608,2,1,7,10
2022-03-30,-0.05628138383262385,1,1,8,10
2022-03-31,0.04184536663011727,2,1,7,10
2022-04-01,-0.018488741635935224,1,1,8,10
2022-04-02,-0.08921973767565775,1,1,8,10
2022-04-03,-0.05289378842454302,1,1,8,10
2022-04-04,-0.14066735690709642,1,2,7,10
2022-04-05,-0.1399290143720931,1,2,7,10
2022-04-06,-0.21675652219334088,1,2,7,10
2022-04-07,0.11281796078347658,2,1,7,10
2022-04-08,0.09550598500504866,2,1,7,10
2022-04-09,-0.003945486446647203,2,1,7,10
2022-04-10,0.041055707356967404,2,1,7,10
2022-04-11,0.03114952807831068,2,1,7,10
2022-04-12,0.011673525566096632,2,1,7,10
2022-04-13,0.09923047988235528,2,1,7,10
2022-04-14,0.17334342138838899,2,1,7,10
2022-04-15,0.066955770448371,2,1,7,10
2022-04-16,-0.007634253826739004,1,1,8,10
2022-04-17,-0.020025784386396187,1,1,8,10
2022-04-18,-0.27130461536024625,1,2,7,10
2022-04-19,-0.3402282431888049,1,3,6,10
2022-04-20,-0.0391807617201988,1,1,8,10
2022-04-21,0.18987131476120628,2,1,7,10
2022-04-22,0.11147471410720014,2,1,7,10
2022-04-23,0.15958808399555352,2,1,7,10
2022-04-24,0.15902495740151557,2,1,7,10
2022-04-25,0.4907746035847951,4,1,5,10
2022-04-26,0.4712951659614475,4,1,5,10
2022-04-27,0.3089344311564304,3,1,6,10
2022-04-28,0.1040852116388101,2,1,7,10
2022-04-29,-0.10717548660650067,1,2,7,10
2022-04-30,-0.02730574573097722,1,1,8,10
2022-05-01,-0.09056813990007015,1,1,8,10
2022-05-02,-0.21159705182758504,1,2,7,10
2022-05-03,-0.19718414553785202,1,2,7,10
2022-05-04,-0.24001277077414976,1,2,7,10
2022-05-05,0.06439137946469187,2,1,7,10
2022-05-06,0.16559385174516522,2,1,7,10
2022-05-07,0.12462197093554477,2,1,7,10
2022-05-08,0.27654026203408866,3,1,6,10
2022-05-09,0.20697805149905327,3,1,6,10
2022-05-10,0.04912431357417443,2,1,7,10
2022-05-11,0.2326483773547537,3,1,6,10
2022-05-12,0.23383333478193036,3,1,6,10
2022-05-13,0.045464813348261426,2,1,7,10
2022-05-14,0.024654171565518388,2,1,7,10
2022-05-15,-0.07110629462940246,1,1,8,10
2022-05-16,-0.1942123749656505,1,2,7,10
2022-05-17,0.0028459462353055687,2,1,7,10
2022-05-18,0.24892254616854573,3,1,6,10
2022-05-19,0.011914230410439236,2,1,7,10
2022-05-20,0.09324324242883544,2,1,7,10
2022-05-21,0.0004736835433052644,2,1,7,10
2022-05-22,-0.040204467489433654,1,1,8,10
2022-05-23,-0.07927749051761472,1,1,8,10
2022-05-24,-0.13726657693884603,1,2,7,10
2022-05-25,-0.06545799539768923,1,1,8,10
2022-05-26,-0.12431902671864109,1,2,7,10
2022-05-27,-0.030409864014354616,1,1,8,10
2022-05-28,-0.00785230048404549,1,1,8,10
2022-05-29,-0.015835076679417293,1,1,8,10
2022-05-30,-0.10125775502743153,1,2,7,10
2022-05-31,-0.117087416176849,1,2,7,10
2022-06-01,0.0324828108433203,2,1,7,10
2022-06-02,0.09916657382226533,2,1,7,10
2022-06-03,-0.0349056721321722,1,1,8,10
2022-06-04,0.007173874024776615,2,1,7,10
2022-06-05,0.11277215717990094,2,1,7,10
2022-06-06,-0.10908404730844756,1,2,7,10
2022-06-07,0.01224127659428273,2,1,7,10
2022-06-08,-0.053615337028036385,1,1,8,10
2022-06-09,0.05156455542213692,2,1,7,10
2022-06-10,-0.04013145350153158,1,1,8,10
2022-06-11,-0.22472861259655635,1,2,7,10
2022-06-12,-0.3234360064745597,1,3,6,10
2022-06-13,-0.18652052634991653,1,2,7,10
2022-06-14,-0.07212895766168648,1,1,8,10
2022-06-15,-0.1374591332334438,1,2,7,10
2022-06-16,0.005225342710727832,2,1,7,10
2022-06-17,-0.17804325045112063,1,2,7,10
2022-06-18,-0.10571500437172496,1,2,7,10
2022-06-19,-0.19609401255393455,1,2,7,10
2022-06-20,-0.18773875683713512,1,2,7,10
2022-06-21,-0.09839966712698671,1,2,7,10
2022-06-22,-0.1492667032074342,1,2,7,10
2022-06-23,-0.12522733813322984,1,2,7,10
2022-06-24,0.057300051578314914,2,1,7,10
2022-06-25,-0.0140393065576917,1,1,8,10
2022-06-26,0.10910018844449886,2,1,7,10
2022-06-27,-0.04670701581080847,1,1,8,10
2022-06-28,0.05115962533198987,2,1,7,10
2022-06-29,0.2241846752039229,3,1,6,10
2022-06-30,-0.13293461687354338,1,2,7,10
2022-07-01,-0.16409224736507896,1,2,7,10
2022-07-02,-0.0194686212664551,1,1,8,10
2022-07-03,-0.01907736588917349,1,1,8,10
2022-07-04,0.050079901235775735,2,1,7,10
2022-07-05,-0.02198360234346279,1,1,8,10
2022-07-06,0.01404411723267862,2,1,7,10
2022-07-07,0.008390092213373009,2,1,7,10
2022-07-08,0.16353009159705076,2,1,7,10
2022-07-09,0.15476774499341,2,1,7,10
2022-07-10,0.1590540379539222,2,1,7,10
2022-07-11,0.07190257299453479,2,1,7,10
2022-07-12,0.00616660981692984,2,1,7,10
2022-07-13,-0.029956001898168664,1,1,8,10
2022-07-14,0.04580554011076743,2,1,7,10
2022-07-15,-0.0028018523672512785,2,1,7,10
2022-07-16,0.05089446304803766,2,1,7,10
2022-07-17,0.3000721810778586,3,1,6,10
2022-07-18,0.3175245663715926,3,1,6,10
2022-07-19,0.18521082854057572,2,1,7,10
2022-07-20,0.28247539347022904,3,1,6,10
2022-07-21,0.1525826452522442,2,1,7,10
2022-07-22,-0.1274535405482023,1,2,7,10
2022-07-23,-0.18587247440723853,1,2,7,10
2022-07-24,-0.3273694546286263,1,3,6,10
2022-07-25,-0.23702907933438272,1,2,7,10
2022-07-26,-0.13391601180542112,1,2,7,10
2022-07-27,0.13206975405869162,2,1,7,10
2022-07-28,0.1430193092490305,2,1,7,10
2022-07-29,0.08461317181398756,2,1,7,10
2022-07-30,0.17246991568029207,2,1,7,10
2022-07-31,-0.13528810762957494,1,2,7,10
2022-08-01,-0.04172083872701436,1,1,8,10
2022-08-02,0.08332796235305812,2,1,7,10
2022-08-03,-0.10532448970491175,1,2,7,10
2022-08-04,0.0867322511358203,2,1,7,10
2022-08-05,0.11493821639679433,2,1,7,10
2022-08-06,0.042817975249001605,2,1,7,10
2022-08-07,0.12170819210378667,2,1,7,10
2022-08-08,0.36953615206317025,3,1,6,10
2022-08-09,0.27996513370726156,3,1,6,10
2022-08-10,0.22970649152494177,3,1,6,10
2022-08-11,0.1121285958055643,2,1,7,10
2022-08-12,-0.011155052802976781,1,1,8,10
2022-08-13,0.110332197922556,2,1,7,10
2022-08-14,-0.013071446200221215,1,1,8,10
2022-08-15,0.01803419269536475,2,1,7,10
2022-08-16,-0.027653984100645467,1,1,8,10
2022-08-17,0.05744517368332891,2,1,7,10
2022-08-18,0.09532149978777904,2,1,7,10
2022-08-19,0.20440645243218572,3,1,6,10
2022-08-20,0.08960491047753252,2,1,7,10
2022-08-21,0.04380088383437303,2,1,7,10
2022-08-22,-0.07103838714235297,1,1,8,10
2022-08-23,-0.08154745859248137,1,1,8,10
2022-08-24,0.010212895339450807,2,1,7,10
2022-08-25,0.11541970022726669,2,1,7,10
2022-08-26,-0.01769434949441026,1,1,8,10
2022-08-27,0.11079406750049399,2,1,7,10
2022-08-28,0.25263537119109664,3,1,6,10
2022-08-29,0.23176786392023835,3,1,6,10
2022-08-30,0.3938072933143043,4,1,5,10
2022-08-31,0.1810627210210505,2,1,7,10
2022-09-01,-0.013725111474505752,1,1,8,10
2022-09-02,-0.20442506806776073,1,2,7,10
2022-09-03,0.0645917073938389,2,1,7,10
2022-09-04,0.13845117282766367,2,1,7,10
2022-09-05,0.10126578608790822,2,1,7,10
2022-09-06,0.11736168037470021,2,1,7,10
2022-09-07,-0.0408309091730686,1,1,8,10
2022-09-08,0.284892830850706,3,1,6,10
2022-09-09,0.21862956614916765,3,1,6,10
2022-09-10,0.17317927760872756,2,1,7,10
2022-09-11,0.21760120957269738,3,1,6,10
2022-09-12,0.21710457828984034,3,1,6,10
2022-09-13,0.18592674306107343,2,1,7,10
2022-09-14,0.043938132595441756,2,1,7,10
2022-09-15,0.10307867330253807,2,1,7,10
2022-09-16,0.31078676148283524,3,1,6,10
2022-09-17,0.3814044847616217,3,1,6,10
2022-09-18,0.4570379945509632,4,1,5,10
2022-09-19,0.25367149954556534,3,1,6,10
2022-09-20,0.06407658053276923,2,1,7,10
2022-09-21,0.04449803119352366,2,1,7,10
2022-09-22,0.053553394009615174,2,1,7,10
2022-09-23,0.18405537258194513,2,1,7,10
2022-09-24,-0.06551707912833254,1,1,8,10
2022-09-25,0.15890262116103893,2,1,7,10
2022-09-26,0.10226844018437801,2,1,7,10
2022-09-27,0.03319144198533675,2,1,7,10
2022-09-28,-0.08193540348156977,1,1,8,10
2022-09-29,-0.2338981286277312,1,2,7,10
2022-09-30,-0.03531062927341412,1,1,8,10
2022-10-01,0.00378893129407073,2,1,7,10
2022-10-02,-0.13438981836859903,1,2,7,10
2022-10-03,-0.22482015032804187,1,2,7,10
2022-10-04,-0.16848457736886116,1,2,7,10
2022-10-05,0.10871029200414883,2,1,7,10
2022-10-06,0.05745341189824561,2,1,7,10
2022-10-07,-0.12508975238113162,1,2,7,10
2022-10-08,-0.09285482247886744,1,1,8,10
2022-10-09,-0.07513977872180286,1,1,8,10
2022-10-10,-0.35452456906297897,1,3,6,10
2022-10-11,-0.21901366961389238,1,2,7,10
2022-10-12,-0.15212834461488994,1,2,7,10
2022-10-13,0.00260402403711317,2,1,7,10
2022-10-14,0.24151003127674642,3,1,6,10
2022-10-15,0.3101120081347975,3,1,6,10
2022-10-16,0.18724884668022018,2,1,7,10
2022-10-17,0.006871325552324142,2,1,7,10
2022-10-18,0.33121222225817537,3,1,6,10
2022-10-19,0.24033684080873402,3,1,6,10
2022-10-20,0.1758331458144121,2,1,7,10
2022-10-21,0.12933921858534891,2,1,7,10
2022-10-22,0.12578334763180082,2,1,7,10
2022-10-23,0.08237861078897887,2,1,7,10
2022-10-24,0.00264934044638937,2,1,7,10
2022-10-25,-0.045958317399512526,1,1,8,10
2022-10-26,-0.0158606144764215,1,1,8,10
2022-10-27,-0.057577687686544324,1,1,8,10
2022-10-28,-0.10502430665833208,1,2,7,10
2022-10-29,-0.03755148774570679,1,1,8,10
2022-10-30,-0.0370630488660306,1,1,8,10
2022-10-31,0.17433086112618418,2,1,7,10
2022-11-01,-0.18685863301596028,1,2,7,10
2022-11-02,0.027465395029502654,2,1,7,10
2022-11-03,0.18532541412807363,2,1,7,10
2022-11-04,-0.11040262444654861,1,2,7,10
2022-11-05,-0.09494153292071701,1,1,8,10
2022-11-06,-0.0883422160587796,1,1,8,10
2022-11-07,-0.20838115954516384,1,2,7,10
2022-11-08,-0.2108430719560801,1,2,7,10
2022-11-09,-0.25237441396817006,1,2,7,10
2022-11-10,0.0641717683907056,2,1,7,10
2022-11-11,0.1719357408908354,2,1,7,10
2022-11-12,0.2822875272375235,3,1,6,10
2022-11-13,0.28803022464875994,3,1,6,10
2022-11-14,0.06967611773480792,2,1,7,10
2022-11-15,0.00028972883323374887,2,1,7,10
2022-11-16,0.07685595534813354,2,1,7,10
2022-11-17,-0.07875628183156519,1,1,8,10
2022-11-18,0.05231091268935065,2,1,7,10
2022-11-19,0.02310572972828317,2,1,7,10
2022-11-20,-0.012017088323386195,1,1,8,10
2022-11-21,0.09544677303339939,2,1,7,10
2022-11-22,0.13329468410921583,2,1,7,10
2022-11-23,0.061268289031882146,2,1,7,10
2022-11-24,0.1968866485336146,3,1,6,10
2022-11-25,0.016191406494043242,2,1,7,10
2022-11-26,0.1023793713136212,2,1,7,10
2022-11-27,0.15566142656924126,2,1,7,10
2022-11-28,0.08197703881150943,2,1,7,10
2022-11-29,0.11036372215571673,2,1,7,10
2022-11-30,-0.06045452550583903,1,1,8,10
2022-12-01,0.08953048498521418,2,1,7,10
2022-12-02,0.05394924312641198,2,1,7,10
2022-12-03,-0.00971707017093551,1,1,8,10
2022-12-04,0.13750769574850008,2,1,7,10
2022-12-05,0.022801443630575388,2,1,7,10
2022-12-06,-0.1362517329445717,1,2,7,10
2022-12-07,-0.25741644297765864,1,2,7,10
2022-12-08,-0.07665680951481994,1,1,8,10
2022-12-09,-0.1855357642250055,1,2,7,10
2022-12-10,0.10791973935105162,2,1,7,10
2022-12-11,-0.16174101410868164,1,2,7,10
2022-12-12,0.11638578928334295,2,1,7,10
2022-12-13,0.11891554335766857,2,1,7,10
2022-12-14,0.08363221401721893,2,1,7,10
2022-12-15,0.0069133329532997945,2,1,7,10
2022-12-16,0.07033268440107482,2,1,7,10
2022-12-17,0.05914276482889828,2,1,7,10
2022-12-18,0.18878170723994792,2,1,7,10
2022-12-19,0.15435811180459236,2,1,7,10
2022-12-20,0.13631166830759178,2,1,7,10
2022-12-21,0.06291180319345341,2,1,7,10
2022-12-22,0.052001881488398065,2,1,7,10
2022-12-23,0.08868011949368729,2,1,7,10
2022-12-24,-0.1296354451887169,1,2,7,10
2022-12-25,-0.22810260576617009,1,2,7,10
2022-12-26,-0.041132318206103316,1,1,8,10
2022-12-27,0.01171053000056731,2,1,7,10
2022-12-28,0.003476528397228701,2,1,7,10
2022-12-29,0.02241449968522728,2,1,7,10
2022-12-30,0.0742219136979797,2,1,7,10
2022-12-31,0.001415766525744877,2,1,7,10
2023-01-01,-0.07453363454736191,1,1,8,10
2023-01-02,-0.0070027475848820145,1,1,8,10
2023-01-03,-0.1040138349847957,1,2,7,10
2023-01-04,-0.0006759777951991508,2,1,7,10
2023-01-05,-0.18680673381623886,1,2,7,10
2023-01-06,0.020016983757703416,2,1,7,10
2023-01-07,0.08766542159125382,2,1,7,10
2023-01-08,0.10564877641116151,2,1,7,10
2023-01-09,0.20453730699989808,3,1,6,10
2023-01-10,0.3507488671446244,3,1,6,10
2023-01-11,0.36765385570536296,3,1,6,10
2023-01-12,0.03601278270786995,2,1,7,10
2023-01-13,-0.11219824298898727,1,2,7,10
2023-01-14,-0.12996440300714174,1,2,7,10
2023-01-15,-0.06340325167016063,1,1,8,10
2023-01-16,0.03884965312987179,2,1,7,10
2023-01-17,-0.043894298784817765,1,1,8,10
2023-01-18,0.011823401786299297,2,1,7,10
2023-01-19,-0.0650180564621227,1,1,8,10
2023-01-20,-0.09770118880023211,1,2,7,10
2023-01-21,-0.2143624200827561,1,2,7,10
2023-01-22,-0.23218087832791853,1,2,7,10
2023-01-23,-0.29517703932792566,1,2,7,10
2023-01-24,-0.2910271816612502,1,2,7,10
2023-01-25,-0.04478796822769046,1,1,8,10
2023-01-26,-0.12509736174865052,1,2,7,10
2023-01-27,0.2525152469030455,3,1,6,10
2023-01-28,0.24127574285186773,3,1,6,10
2023-01-29,0.19695225195628033,3,1,6,10
2023-01-30,0.04295871440901805,2,1,7,10
2023-01-31,0.12990303415412213,2,1,7,10
2023-02-01,0.033303117310827954,2,1,7,10
2023-02-02,0.054230888268662986,2,1,7,10
2023-02-03,0.36040290622606774,3,1,6,10
2023-02-04,0.24067738533916752,3,1,6,10
2023-02-05,0.31229578388392143,3,1,6,10
2023-02-06,0.1365537727686239,2,1,7,10
2023-02-07,0.10250401769915157,2,1,7,10
2023-02-08,0.29706637203989117,3,1,6,10
2023-02-09,0.13579977915057861,2,1,7,10
2023-02-10,0.323706367666689,3,1,6,10
2023-02-11,0.31328205549718635,3,1,6,10
2023-02-12,0.15408000722504045,2,1,7,10
2023-02-13,0.19398361764212024,3,1,6,10
2023-02-14,0.2607385696817672,3,1,6,10
2023-02-15,0.2620399500183937,3,1,6,10
2023-02-16,-0.00015831461571741423,2,1,7,10
2023-02-17,-0.0694166813400191,1,1,8,10
2023-02-18,-0.05688039487801154,1,1,8,10
2023-02-19,-0.02796158390353161,1,1,8,10
2023-02-20,0.07424830642796726,2,1,7,10
2023-02-21,0.08752820354935062,2,1,7,10
2023-02-22,-0.08540530647895281,1,1,8,10
2023-02-23,0.008052977168577696,2,1,7,10
2023-02-24,0.09644740885281572,2,1,7,10
2023-02-25,0.14780835376523643,2,1,7,10
2023-02-26,0.24371180127313974,3,1,6,10
2023-02-27,0.2764260136325908,3,1,6,10
2023-02-28,0.25272120262777786,3,1,6,10
2023-03-01,0.1737915805921994,2,1,7,10
2023-03-02,-0.0684081003778079,1,1,8,10
2023-03-03,0.02503160530951661,2,1,7,10
2023-03-04,0.059135750169940576,2,1,7,10
2023-03-05,0.08897038233308763,2,1,7,10
2023-03-06,-0.07743639632274874,1,1,8,10
2023-03-07,-0.1621177581995967,1,2,7,10
2023-03-08,0.03894448382939199,2,1,7,10
2023-03-09,0.038509980285487626,2,1,7,10
2023-03-10,0.12475425512946334,2,1,7,10
2023-03-11,0.10243115522898795,2,1,7,10
2023-03-12,0.08809367189751303,2,1,7,10
2023-03-13,0.18779762770968464,2,1,7,10
2023-03-14,0.07808577488439161,2,1,7,10
2023-03-15,0.08023293116695399,2,1,7,10
2023-03-16,0.014621054873096437,2,1,7,10
2023-03-17,-0.02469317736518374,1,1,8,10
2023-03-18,-0.03520853584442471,1,1,8,10
2023-03-19,0.02171318855635092,2,1,7,10
2023-03-20,-0.025393577778807734,1,1,8,10
2023-03-21,0.15212759377177892,2,1,7,10
2023-03-22,0.009472743944497278,2,1,7,10
2023-03-23,0.0016753705237415907,2,1,7,10
2023-03-24,-0.0337360518932875,1,1,8,10
2023-03-25,0.1696515966509925,2,1,7,10
2023-03-26,0.15180279526371554,2,1,7,10
2023-03-27,0.24043584591683273,3,1,6,10
2023-03-28,-0.0040412606593139,2,1,7,10
2023-03-29,0.04736189673493847,2,1,7,10
2023-03-30,0.1554836126117039,2,1,7,10
2023-03-31,0.12888111116983988,2,1,7,10
2023-04-01,0.22957305152741952,3,1,6,10
2023-04-02,0.10509055373995947,2,1,7,10
2023-04-03,0.25537323701242465,3,1,6,10
2023-04-04,0.4598030631515675,4,1,5,10
2023-04-05,0.2732740480549412,3,1,6,10
2023-04-06,0.14211051292680063,2,1,7,10
2023-04-07,0.28472065491572596,3,1,6,10
2023-04-08,0.3925597674420888,3,1,6,10
2023-04-09,0.210363329838147,3,1,6,10
2023-04-10,0.10425643060247412,2,1,7,10
2023-04-11,0.051895211087528766,2,1,7,10
2023-04-12,-0.1096594898580381,1,2,7,10
2023-04-13,-0.1635742177266471,1,2,7,10
2023-04-14,-0.2088774492733873,1,2,7,10
2023-04-15,-0.20996336558101572,1,2,7,10
2023-04-16,-0.12269568985489253,1,2,7,10
2023-04-17,-0.03370374624211622,1,1,8,10
2023-04-18,0.1820953083394951,2,1,7,10
2023-04-19,0.01650214979119835,2,1,7,10
2023-04-20,0.14678776944065042,2,1,7,10
2023-04-21,0.08767607308854314,2,1,7,10
2023-04-22,0.06899648660844253,2,1,7,10
2023-04-23,0.14376873961466152,2,1,7,10
2023-04-24,-0.023334277578764398,1,1,8,10
2023-04-25,0.04866457337507066,2,1,7,10
2023-04-26,0.0695489219385441,2,1,7,10
2023-04-27,0.122243635200213,2,1,7,10
2023-04-28,0.13210128440825808,2,1,7,10
2023-04-29,0.3984445359138565,4,1,5,10
2023-04-30,0.20040283449303026,3,1,6,10
2023-05-01,0.084484892079433,2,1,7,10
2023-05-02,-0.001918999060158827,2,1,7,10
2023-05-03,-0.049961919429152346,1,1,8,10
2023-05-04,-0.0910190186465497,1,1,8,10
2023-05-05,0.10146230587183036,2,1,7,10
2023-05-06,0.25435369283465376,3,1,6,10
2023-05-07,0.11478302935176925,2,1,7,10
2023-05-08,-0.007331015434675986,1,1,8,10
2023-05-09,0.06974739099301054,2,1,7,10
2023-05-10,-0.0029882769090782413,2,1,7,10
2023-05-11,0.09195212239894188,2,1,7,10
2023-05-12,0.10206232632064963,2,1,7,10
2023-05-13,-0.09760609743206414,1,2,7,10
2023-05-14,0.14019934508794712,2,1,7,10
2023-05-15,0.3245775793378097,3,1,6,10
2023-05-16,0.1553834679706314,2,1,7,10
2023-05-17,0.07241775124777378,2,1,7,10
2023-05-18,0.09931806945722299,2,1,7,10
2023-05-19,0.12263424420481939,2,1,7,10
2023-05-20,0.17668025571305368,2,1,7,10
2023-05-21,0.3740093951246283,3,1,6,10
2023-05-22,0.23981512379090392,3,1,6,10
2023-05-23,0.07802684537865454,2,1,7,10
2023-05-24,-0.09685817360643635,1,2,7,10
2023-05-25,-0.13272673337803248,1,2,7,10
2023-05-26,-0.07230492918139533,1,1,8,10
2023-05-27,0.186291423913409,2,1,7,10
2023-05-28,0.07691875391855672,2,1,7,10
2023-05-29,0.09479442850291114,2,1,7,10
2023-05-30,0.07758831525734344,2,1,7,10
2023-05-31,0.21098228199022476,3,1,6,10
2023-06-01,0.4583130586576621,4,1,5,10
2023-06-02,0.25214191963622334,3,1,6,10
2023-06-03,0.12310219892053997,2,1,7,10
2023-06-04,0.22325841880582106,3,1,6,10
2023-06-05,0.24488763523812251,3,1,6,10
2023-06-06,0.3987245262522851,4,1,5,10
2023-06-07,0.34718500856228246,3,1,6,10
2023-06-08,0.20049788893021792,3,1,6,10
2023-06-09,0.21914489174690022,3,1,6,10
2023-06-10,0.2934312935646155,3,1,6,10
2023-06-11,0.3071308868198652,3,1,6,10
2023-06-12,0.2784506444249696,3,1,6,10
2023-06-13,0.32693656588611014,3,1,6,10
2023-06-14,0.3707669229386338,3,1,6,10
2023-06-15,0.42480026309379665,4,1,5,10
2023-06-16,0.37190804178090636,3,1,6,10
2023-06-17,0.23962874177874804,3,1,6,10
2023-06-18,0.19130700878736642,2,1,7,10
2023-06-19,0.28707331595197244,3,1,6,10
2023-06-20,0.1065080591094952,2,1,7,10
2023-06-21,0.13141371974510146,2,1,7,10
2023-06-22,0.05616094461421412,2,1,7,10
2023-06-23,0.057896677010598724,2,1,7,10
2023-06-24,0.20898974782894647,3,1,6,10
2023-06-25,0.17671790851038505,2,1,7,10
2023-06-26,0.1383817105696696,2,1,7,10
2023-06-27,-0.05529194078812362,1,1,8,10
2023-06-28,0.07155335067016758,2,1,7,10
2023-06-29,0.1419104639317194,2,1,7,10
2023-06-30,0.36977505261145427,3,1,6,10
2023-07-01,0.22136308026226664,3,1,6,10
2023-07-02,0.18812672574932743,2,1,7,10
2023-07-03,0.1701510980415349,2,1,7,10
2023-07-04,0.31783529155779605,3,1,6,10
2023-07-05,0.21310015988531464,3,1,6,10
2023-07-06,0.18994037127707666,2,1,7,10
2023-07-07,0.21435150675526599,3,1,6,10
2023-07-08,0.1796642584288673,2,1,7,10
2023-07-09,0.08115241849188179,2,1,7,10
2023-07-10,0.0939825554267015,2,1,7,10
2023-07-11,0.20786715526971006,3,1,6,10
2023-07-12,0.029874499255165762,2,1,7,10
2023-07-13,0.053317469672664305,2,1,7,10
2023-07-14,-0.03141545824628754,1,1,8,10
2023-07-15,0.14092823187007564,2,1,7,10
2023-07-16,-0.07323639359932237,1,1,8,10
2023-07-17,-0.09673159325296869,1,2,7,10
2023-07-18,0.0003325736524942835,2,1,7,10
2023-07-19,0.20602174064142356,3,1,6,10
2023-07-20,0.14396678434734822,2,1,7,10
2023-07-21,0.044897150881773984,2,1,7,10
2023-07-22,0.27286468066520536,3,1,6,10
2023-07-23,0.021543058641615653,2,1,7,10
2023-07-24,-0.2319110424181782,1,2,7,10
2023-07-25,-0.0799977593062345,1,1,8,10
2023-07-26,-0.09430236621218432,1,1,8,10
2023-07-27,-0.16590179183442394,1,2,7,10
2023-07-28,-0.004890706757271726,2,1,7,10
2023-07-29,0.04401981051949868,2,1,7,10
2023-07-30,-0.02113387459155182,1,1,8,10
2023-07-31,-0.14943086206583456,1,2,7,10
2023-08-01,0.025507503310006327,2,1,7,10
2023-08-02,0.11254670276572487,2,1,7,10
2023-08-03,0.07919693740337666,2,1,7,10
2023-08-04,0.29101713309709615,3,1,6,10
2023-08-05,0.07869364881315563,2,1,7,10
2023-08-06,-0.11396946452323604,1,2,7,10
2023-08-07,-0.13916643606667134,1,2,7,10
2023-08-08,-0.07798582114681467,1,1,8,10
2023-08-09,-0.003547365567525069,2,1,7,10
2023-08-10,-0.013311430302469434,1,1,8,10
2023-08-11,0.05153690214429192,2,1,7,10
2023-08-12,-0.09874306024988208,1,2,7,10
2023-08-13,0.12701144758554922,2,1,7,10
2023-08-14,0.09064198378268018,2,1,7,10
2023-08-15,0.2109354735084989,3,1,6,10
2023-08-16,0.19617778360503021,3,1,6,10
2023-08-17,0.20026862990090516,3,1,6,10
2023-08-18,0.21648936732263427,3,1,6,10
2023-08-19,0.21238580022097153,3,1,6,10
2023-08-20,0.23312018558691822,3,1,6,10
2023-08-21,0.32896910850657,3,1,6,10
2023-08-22,0.25535514515262836,3,1,6,10
2023-08-23,0.26900397951901134,3,1,6,10
2023-08-24,0.1820269876320716,2,1,7,10
2023-08-25,0.3090742920739647,3,1,6,10
2023-08-26,0.13767389786014614,2,1,7,10
2023-08-27,0.32354356981757426,3,1,6,10
2023-08-28,0.2234270505632835,3,1,6,10
2023-08-29,-0.008522745128850068,1,1,8,10
2023-08-30,0.02777542971472361,2,1,7,10
2023-08-31,-0.0457294853232339,1,1,8,10
2023-09-01,0.0890957446777263,2,1,7,10
2023-09-02,-0.002459959216583374,2,1,7,10
2023-09-03,-0.037198301217371305,1,1,8,10
2023-09-04,-0.23298109924557361,1,2,7,10
2023-09-05,-0.1877717885603306,1,2,7,10
2023-09-06,-0.3949744975005082,1,3,6,10
2023-09-07,-0.4288590779344357,1,3,6,10
2023-09-08,-0.1695659576608861,1,2,7,10
2023-09-09,0.0020208308177053352,2,1,7,10
2023-09-10,0.07031113170488568,2,1,7,10
2023-09-11,-0.052392217308148414,1,1,8,10
2023-09-12,-0.021837619728152607,1,1,8,10
2023-09-13,0.003315926745014041,2,1,7,10
2023-09-14,-0.11890572605966457,1,2,7,10
2023-09-15,0.12106175853245754,2,1,7,10
2023-09-16,0.2019163021743594,3,1,6,10
2023-09-17,0.12267257981295537,2,1,7,10
2023-09-18,0.10090616181694613,2,1,7,10
2023-09-19,0.10853762639390273,2,1,7,10
2023-09-20,-0.15651604279569664,1,2,7,10
2023-09-21,-0.11345402946049302,1,2,7,10
2023-09-22,-0.13764054464987485,1,2,7,10
2023-09-23,-0.1917180709506271,1,2,7,10
2023-09-24,-0.14040609700504075,1,2,7,10
2023-09-25,0.14240110442784765,2,1,7,10
2023-09-26,0.1874045454893236,2,1,7,10
2023-09-27,0.07121416005330618,2,1,7,10
2023-09-28,0.1329418220565695,2,1,7,10
2023-09-29,0.2722775209862719,3,1,6,10
2023-09-30,0.3058791148497904,3,1,6,10
2023-10-01,0.22391975330196612,3,1,6,10
2023-10-02,0.08585811058079057,2,1,7,10
2023-10-03,0.1575372537703261,2,1,7,10
2023-10-04,0.16756014546050335,2,1,7,10
2023-10-05,0.2342799652118365,3,1,6,10
2023-10-06,0.2464452778487115,3,1,6,10
2023-10-07,0.3040784406991641,3,1,6,10
2023-10-08,0.15136544532636997,2,1,7,10
2023-10-09,0.274417511597441,3,1,6,10
2023-10-10,0.22002601936060603,3,1,6,10
2023-10-11,0.4099909015586072,4,1,5,10
2023-10-12,0.20173423210152797,3,1,6,10
2023-10-13,0.35738559150500454,3,1,6,10
2023-10-14,0.27399261275295217,3,1,6,10
2023-10-15,0.11786772211486655,2,1,7,10
2023-10-16,0.03649040354732612,2,1,7,10
2023-10-17,0.0032197695816250024,2,1,7,10
2023-10-18,0.07093544805546767,2,1,7,10
2023-10-19,0.12679098405949538,2,1,7,10
2023-10-20,0.03151282342522396,2,1,7,10
2023-10-21,0.03550346841425908,2,1,7,10
2023-10-22,0.29809238176187347,3,1,6,10
2023-10-23,0.41900791281648453,4,1,5,10
2023-10-24,0.34265666795078026,3,1,6,10
2023-10-25,0.24522993580737265,3,1,6,10
2023-10-26,0.19174590174016504,2,1,7,10
2023-10-27,0.21619967711793872,3,1,6,10
2023-10-28,0.035737366562032954,2,1,7,10
2023-10-29,0.010286788033701456,2,1,7,10
2023-10-30,-0.17560099238422333,1,2,7,10
2023-10-31,-0.04829118607793022,1,1,8,10
2023-11-01,0.06421692607285573,2,1,7,10
2023-11-02,0.001701310730612797,2,1,7,10
2023-11-03,0.20792694782888368,3,1,6,10
2023-11-04,0.006003320787674904,2,1,7,10
2023-11-05,-0.15388014285400828,1,2,7,10
2023-11-06,-0.055145190368727295,1,1,8,10
2023-11-07,0.10775010683296725,2,1,7,10
2023-11-08,0.29005157667555437,3,1,6,10
2023-11-09,0.151410097554019,2,1,7,10
2023-11-10,0.24580094768104926,3,1,6,10
2023-11-11,0.1730922839117786,2,1,7,10
2023-11-12,0.10973739280893918,2,1,7,10
2023-11-13,0.1953111820833926,3,1,6,10
2023-11-14,0.223173698022997,3,1,6,10
2023-11-15,-0.026161470863980407,1,1,8,10
2023-11-16,0.17812257016470168,2,1,7,10
2023-11-17,0.29933331736393176,3,1,6,10
2023-11-18,0.13744181636459357,2,1,7,10
2023-11-19,0.15477628890865636,2,1,7,10
2023-11-20,0.17783089440373673,2,1,7,10
2023-11-21,0.16481361752047918,2,1,7,10
2023-11-22,0.05903491718604252,2,1,7,10
2023-11-23,-0.024279423722457102,1,1,8,10
2023-11-24,-0.0009054296793891072,2,1,7,10
2023-11-25,0.15808163727870228,2,1,7,10
2023-11-26,0.1859277670416698,2,1,7,10
2023-11-27,0.0943220129859341,2,1,7,10
2023-11-28,0.17185583797784,2,1,7,10
2023-11-29,-0.2121761355308316,1,2,7,10
2023-11-30,0.01788008020879331,2,1,7,10
2023-12-01,-0.17920091705847485,1,2,7,10
2023-12-02,-0.14203082479720308,1,2,7,10
2023-12-03,-0.2087377392141378,1,2,7,10
2023-12-04,-0.2730986233165168,1,2,7,10
2023-12-05,-0.02027220641113217,1,1,8,10
2023-12-06,-0.05135839406548143,1,1,8,10
2023-12-07,0.026140193924304406,2,1,7,10
2023-12-08,0.02930334084447722,2,1,7,10
2023-12-09,0.09423475507486621,2,1,7,10
2023-12-10,0.08841390198507514,2,1,7,10
2023-12-11,-0.07854734635314806,1,1,8,10
2023-12-12,0.086438927463292,2,1,7,10
2023-12-13,0.014877197130963749,2,1,7,10
2023-12-14,-0.15917696544486223,1,2,7,10
2023-12-15,-0.13689616259588852,1,2,7,10
2023-12-16,0.1090513534479712,2,1,7,10
2023-12-17,0.19085267305398185,2,1,7,10
2023-12-18,0.10015866561532655,2,1,7,10
2023-12-19,0.041134892390932244,2,1,7,10
2023-12-20,0.006084158167201488,2,1,7,10
2023-12-21,0.2711071450951633,3,1,6,10
2023-12-22,0.239994582838824,3,1,6,10
2023-12-23,0.2255441607673454,3,1,6,10
2023-12-24,0.288180403241777,3,1,6,10
2023-12-25,0.23391464544951812,3,1,6,10
2023-12-26,0.13890214630288386,2,1,7,10
2023-12-27,0.08466709746585857,2,1,7,10
2023-12-28,0.06438414648230184,2,1,7,10
2023-12-29,0.05532571109149665,2,1,7,10
2023-12-30,0.14121994170509183,2,1,7,10
2023-12-31,0.11596915266436707,2,1,7,10
2024-01-01,0.18123944275688952,2,1,7,10
2024-01-02,0.12606233243812975,2,1,7,10
2024-01-03,0.10931942318189665,2,1,7,10
2024-01-04,-0.15078377281643865,1,2,7,10
2024-01-05,0.029892552892794078,2,1,7,10
2024-01-06,0.07895146074725672,2,1,7,10
2024-01-07,0.18902234692805658,2,1,7,10
2024-01-08,-0.20674343562082448,1,2,7,10
2024-01-09,0.13416441567933282,2,1,7,10
2024-01-10,0.08839879907212693,2,1,7,10
2024-01-11,0.20838384166456592,3,1,6,10
2024-01-12,0.02860347008608559,2,1,7,10
2024-01-13,0.11006780842264544,2,1,7,10
2024-01-14,-0.03692310784693774,1,1,8,10
2024-01-15,-0.0809096111248247,1,1,8,10
2024-01-16,0.19503519949205972,3,1,6,10
2024-01-17,0.12183367583741868,2,1,7,10
2024-01-18,0.12322651833507033,2,1,7,10
2024-01-19,0.20244804885962764,3,1,6,10
2024-01-20,0.20901574257465197,3,1,6,10
2024-01-21,0.1718531855499344,2,1,7,10
2024-01-22,0.17344257516258585,2,1,7,10
2024-01-23,0.4190902283434552,4,1,5,10
2024-01-24,0.2834370770383971,3,1,6,10
2024-01-25,0.22630866993993567,3,1,6,10
2024-01-26,0.29112184724105306,3,1,6,10
2024-01-27,0.339834996920824,3,1,6,10
2024-01-28,0.38127906892496266,3,1,6,10
2024-01-29,0.34242170570390934,3,1,6,10
2024-01-30,0.10335620343906449,2,1,7,10
2024-01-31,0.28113600037070485,3,1,6,10
2024-02-01,0.06311963733789705,2,1,7,10
2024-02-02,0.09528670435749852,2,1,7,10
2024-02-03,-0.010634059910767463,1,1,8,10
2024-02-04,0.003333943726023487,2,1,7,10
2024-02-05,0.05956123691751436,2,1,7,10
2024-02-06,0.09522035410959856,2,1,7,10
2024-02-07,0.1304664049386547,2,1,7,10
2024-02-08,0.29639119975634465,3,1,6,10
2024-02-09,0.26502108028248306,3,1,6,10
2024-02-10,0.16090759020791762,2,1,7,10
2024-02-11,0.23822307808893078,3,1,6,10
2024-02-12,0.31552414368794335,3,1,6,10
2024-02-13,0.07572043983990553,2,1,7,10
2024-02-14,0.13884897853710298,2,1,7,10
2024-02-15,0.1923352493856062,2,1,7,10
2024-02-16,0.10725297595662645,2,1,7,10
2024-02-17,0.2527419362283829,3,1,6,10
2024-02-18,0.16421827236372716,2,1,7,10
2024-02-19,0.13975373571218916,2,1,7,10
2024-02-20,0.08801399355804004,2,1,7,10
2024-02-21,0.07702126578168357,2,1,7,10
2024-02-22,-0.06354650341014843,1,1,8,10
2024-02-23,-0.19616864886873037,1,2,7,10
2024-02-24,0.08177367008150338,2,1,7,10
2024-02-25,-0.03053979198604069,1,1,8,10
2024-02-26,-0.12087526246650186,1,2,7,10
2024-02-27,-0.31903304997649057,1,3,6,10
2024-02-28,-0.2661042079482777,1,2,7,10
2024-02-29,-0.3137958261160989,1,3,6,10
2024-03-01,0.011017216500081417,2,1,7,10
2024-03-02,0.14628192570535045,2,1,7,10
2024-03-03,0.030447894546332385,2,1,7,10
2024-03-04,0.30802611235561456,3,1,6,10
2024-03-05,0.3359715157293222,3,1,6,10
2024-03-06,0.1973444034622062,3,1,6,10
2024-03-07,-0.15371213927521332,1,2,7,10
2024-03-08,0.19294290244118176,2,1,7,10
2024-03-09,-0.023393125165681927,1,1,8,10
2024-03-10,-0.19471069673333882,1,2,7,10
2024-03-11,0.01408918322366802,2,1,7,10
2024-03-12,0.31987094211527833,3,1,6,10
2024-03-13,0.39197153485537456,3,1,6,10
2024-03-14,0.34039327632145805,3,1,6,10
2024-03-15,0.3105688348679635,3,1,6,10
2024-03-16,0.32222229397699464,3,1,6,10
2024-03-17,0.3184586061186398,3,1,6,10
2024-03-18,0.25868374911262243,3,1,6,10
2024-03-19,0.19859125365661115,3,1,6,10
2024-03-20,0.139515823788036,2,1,7,10
2024-03-21,0.01815221905740369,2,1,7,10
2024-03-22,-0.003939382577519045,2,1,7,10
2024-03-23,-0.1877727321196522,1,2,7,10
2024-03-24,-0.11591034683396248,1,2,7,10
2024-03-25,-0.17602997404100426,1,2,7,10
2024-03-26,-0.22890751693336386,1,2,7,10
2024-03-27,-0.10925990360908766,1,2,7,10
2024-03-28,0.11396402127462636,2,1,7,10
2024-03-29,0.20221729080796613,3,1,6,10
2024-03-30,-0.03907614915042182,1,1,8,10
2024-03-31,-0.12621218907703324,1,2,7,10
2024-04-01,0.048797303917695725,2,1,7,10
2024-04-02,-0.06823755541891348,1,1,8,10
2024-04-03,-0.053367704762755264,1,1,8,10
2024-04-04,0.049259928046336734,2,1,7,10
2024-04-05,-0.0662396970943359,1,1,8,10
2024-04-06,-0.012468058114621709,1,1,8,10
2024-04-07,-0.1502446129055072,1,2,7,10
2024-04-08,-0.15188043140354388,1,2,7,10
2024-04-09,-0.04240576405601765,1,1,8,10
2024-04-10,-0.20078031040103034,1,2,7,10
2024-04-11,-0.05970754894624039,1,1,8,10
2024-04-12,-0.02322375842707656,1,1,8,10
2024-04-13,0.0691460358116394,2,1,7,10
2024-04-14,0.08975730362450643,2,1,7,10
2024-04-15,0.23998178321197192,3,1,6,10
2024-04-16,0.18895778366471205,2,1,7,10
2024-04-17,0.08923657870621393,2,1,7,10
2024-04-18,0.09062216078209456,2,1,7,10
2024-04-19,0.14204285225190946,2,1,7,10
2024-04-20,0.11613374666200711,2,1,7,10
2024-04-21,0.09830062253395194,2,1,7,10
2024-04-22,-0.0024009136305604417,2,1,7,10
2024-04-23,-0.06316601970679661,1,1,8,10
2024-04-24,-0.19142786116619956,1,2,7,10
2024-04-25,0.10346378368358443,2,1,7,10
2024-04-26,-0.06406944459344288,1,1,8,10
2024-04-27,-0.1068510784620653,1,2,7,10
2024-04-28,-0.1377193886094647,1,2,7,10
2024-04-29,0.03581600689636233,2,1,7,10
2024-04-30,0.005829127346773627,2,1,7,10
2024-05-01,0.17146066575543234,2,1,7,10
2024-05-02,0.04857324209094825,2,1,7,10
2024-05-03,0.08299459108515404,2,1,7,10
2024-05-04,-0.028352477926639308,1,1,8,10
2024-05-05,0.25693146893967245,3,1,6,10
2024-05-06,0.042436328786427,2,1,7,10
2024-05-07,0.0827047831976023,2,1,7,10
2024-05-08,0.14775401904947477,2,1,7,10
2024-05-09,0.16363868833551984,2,1,7,10
2024-05-10,0.10207331261194436,2,1,7,10
2024-05-11,0.06871185348893415,2,1,7,10
2024-05-12,0.0678627656644818,2,1,7,10
2024-05-13,0.04441324174567598,2,1,7,10
2024-05-14,0.16247678540925997,2,1,7,10
2024-05-15,0.38881535496616254,3,1,6,10
2024-05-16,0.2037736507862471,3,1,6,10
2024-05-17,-0.01398080027924728,1,1,8,10
2024-05-18,-0.0017386817244798656,2,1,7,10
2024-05-19,0.3263776616567877,3,1,6,10
2024-05-20,0.13364721617972578,2,1,7,10
2024-05-21,0.3015073914292913,3,1,6,10
2024-05-22,0.41524658637739364,4,1,5,10
2024-05-23,0.22142237639952794,3,1,6,10
2024-05-24,0.23014519842110764,3,1,6,10
2024-05-25,0.362944658008326,3,1,6,10
2024-05-26,0.20836138304609492,3,1,6,10
2024-05-27,0.12894794002685972,2,1,7,10
2024-05-28,0.03195713560280303,2,1,7,10
2024-05-29,-0.08305598528214062,1,1,8,10
2024-05-30,-0.11395701158213081,1,2,7,10
2024-05-31,-0.20300220528067436,1,2,7,10
2024-06-01,-0.10991873298214977,1,2,7,10
2024-06-02,-0.1459012799062529,1,2,7,10
2024-06-03,-0.04883883826499323,1,1,8,10
2024-06-04,-0.2005100381574994,1,2,7,10
2024-06-05,-0.07268321267745834,1,1,8,10
2024-06-06,0.07072207141190448,2,1,7,10
2024-06-07,-0.17533624643165527,1,2,7,10
2024-06-08,-0.05113908753968583,1,1,8,10
2024-06-09,0.1320225564551807,2,1,7,10
2024-06-10,-0.041399576287895756,1,1,8,10
2024-06-11,0.1917416460925736,2,1,7,10
2024-06-12,0.1928570353432797,2,1,7,10
2024-06-13,0.05869833454130419,2,1,7,10
2024-06-14,0.04940431239210444,2,1,7,10
2024-06-15,0.11705471681665601,2,1,7,10
2024-06-16,0.10314889715949722,2,1,7,10
2024-06-17,0.14964018650641894,2,1,7,10
2024-06-18,0.004727974318829806,2,1,7,10
2024-06-19,0.04133916645075018,2,1,7,10
2024-06-20,-0.12483259717642856,1,2,7,10
2024-06-21,-0.07654563126734117,1,1,8,10
2024-06-22,-0.14028089304036506,1,2,7,10
2024-06-23,-0.16150348932782785,1,2,7,10
2024-06-24,0.06129659722134581,2,1,7,10
2024-06-25,0.18874268692436852,2,1,7,10
2024-06-26,0.21372200526888224,3,1,6,10
2024-06-27,0.025784455923245436,2,1,7,10
2024-06-28,-0.0032664333540852533,2,1,7,10
2024-06-29,0.16139122657652805,2,1,7,10
2024-06-30,0.13985301117071325,2,1,7,10
2024-07-01,0.38716668631794837,3,1,6,10
2024-07-02,0.3167991710931725,3,1,6,10
2024-07-03,0.2469080394485474,3,1,6,10
2024-07-04,0.14133893419643706,2,1,7,10
2024-07-05,0.12583790006073942,2,1,7,10
2024-07-06,0.0814409389329968,2,1,7,10
2024-07-07,0.15585233576826021,2,1,7,10
2024-07-08,0.23405098052390066,3,1,6,10
2024-07-09,0.07575708633876294,2,1,7,10
2024-07-10,-0.09256316404755599,1,1,8,10
2024-07-11,-0.26256801714412553,1,2,7,10
2024-07-12,-0.09176756765499493,1,1,8,10
2024-07-13,-0.1741102274574301,1,2,7,10
2024-07-14,-0.3535758347424461,1,3,6,10
2024-07-15,-0.16525217577969284,1,2,7,10
2024-07-16,0.20968871209431594,3,1,6,10
2024-07-17,0.15351183773569962,2,1,7,10
2024-07-18,0.21834427172158322,3,1,6,10
2024-07-19,0.16968598390391834,2,1,7,10
2024-07-20,0.11637181541379125,2,1,7,10
2024-07-21,0.20387354223667797,3,1,6,10
2024-07-22,0.11562754141038395,2,1,7,10
2024-07-23,0.12518766386455937,2,1,7,10
2024-07-24,0.13791840251466667,2,1,7,10
2024-07-25,0.027418791456548935,2,1,7,10
2024-07-26,0.15480998065032098,2,1,7,10
2024-07-27,0.09757400087844104,2,1,7,10
2024-07-28,-0.009323634308973247,1,1,8,10
2024-07-29,0.07626350318679725,2,1,7,10
2024-07-30,-0.040302196484324815,1,1,8,10
2024-07-31,-0.0048720045713342985,2,1,7,10
2024-08-01,0.013681601690509726,2,1,7,10
2024-08-02,0.15714319325780213,2,1,7,10
2024-08-03,0.17704954782234716,2,1,7,10
2024-08-04,0.13002165529428983,2,1,7,10
2024-08-05,0.2005887161045043,3,1,6,10
2024-08-06,0.31515025560918686,3,1,6,10
2024-08-07,0.28972758716737634,3,1,6,10
2024-08-08,0.20750793029918174,3,1,6,10
2024-08-09,-0.004597508928369576,2,1,7,10
2024-08-10,-0.11285933611330348,1,2,7,10
2024-08-11,-0.09204284873702594,1,1,8,10
2024-08-12,-0.11502663167899939,1,2,7,10
2024-08-13,-0.07926118269042169,1,1,8,10
2024-08-14,-0.026779093501939792,1,1,8,10
2024-08-15,0.06409940400572828,2,1,7,10
2024-08-16,0.05114744349581388,2,1,7,10
2024-08-17,0.10956871979060469,2,1,7,10
2024-08-18,0.09689928190028893,2,1,7,10
2024-08-19,-0.1561287704680953,1,2,7,10
2024-08-20,-0.19626126380333103,1,2,7,10
2024-08-21,-0.12691764389957758,1,2,7,10
2024-08-22,-0.2097171534164769,1,2,7,10
2024-08-23,-0.04638201786198401,1,1,8,10
2024-08-24,0.17148447253013552,2,1,7,10
2024-08-25,0.2756590136074475,3,1,6,10
2024-08-26,0.17150789859239735,2,1,7,10
2024-08-27,0.30830995476623396,3,1,6,10
2024-08-28,0.2361842497214869,3,1,6,10
2024-08-29,0.1310121300439832,2,1,7,10
2024-08-30,0.029492249162857767,2,1,7,10
2024-08-31,0.0008162838364635938,2,1,7,10
2024-09-01,-0.02810794947206467,1,1,8,10
2024-09-02,0.02012246378739793,2,1,7,10
2024-09-03,0.05029116344697385,2,1,7,10
2024-09-04,0.05099746291812419,2,1,7,10
2024-09-05,0.10352361552552414,2,1,7,10
2024-09-06,0.22811058732513306,3,1,6,10
2024-09-07,0.28016106227347676,3,1,6,10
2024-09-08,0.02185961852295293,2,1,7,10
2024-09-09,-0.2743190998891337,1,2,7,10
2024-09-10,-0.04824634132004264,1,1,8,10
2024-09-11,-0.1774428814086968,1,2,7,10
2024-09-12,-0.1243670368835935,1,2,7,10
2024-09-13,-0.20330945284227747,1,2,7,10
2024-09-14,-0.33044611259790124,1,3,6,10
2024-09-15,-0.13187176154487984,1,2,7,10
2024-09-16,0.02332465849132717,2,1,7,10
2024-09-17,-0.03607753580866222,1,1,8,10
2024-09-18,-0.3164327890738382,1,3,6,10
2024-09-19,-0.25328796242911134,1,2,7,10
2024-09-20,-0.09967801067143536,1,2,7,10
2024-09-21,-0.22431741093014698,1,2,7,10
2024-09-22,-0.10586044247191542,1,2,7,10
2024-09-23,-0.05270378524832305,1,1,8,10
2024-09-24,0.05320020379990206,2,1,7,10
2024-09-25,0.06687246093881617,2,1,7,10
2024-09-26,-0.055358489036374706,1,1,8,10
2024-09-27,0.12554824658527683,2,1,7,10
2024-09-28,0.08052549577637498,2,1,7,10
2024-09-29,0.06700771177263336,2,1,7,10
2024-09-30,-0.050494458177390386,1,1,8,10
2024-10-01,-0.06807258369910354,1,1,8,10
2024-10-02,-0.13248082082846396,1,2,7,10
2024-10-03,-0.0889233764701309,1,1,8,10
2024-10-04,0.16554750717067757,2,1,7,10
2024-10-05,-0.03907957323164088,1,1,8,10
2024-10-06,-0.20108640608659406,1,2,7,10
2024-10-07,0.06377695960212831,2,1,7,10
2024-10-08,0.034278866742340916,2,1,7,10
2024-10-09,-0.04006478099748694,1,1,8,10
2024-10-10,0.11668913909834411,2,1,7,10
2024-10-11,0.021116759904681426,2,1,7,10
2024-10-12,0.2507897438228567,3,1,6,10
2024-10-13,0.2623071223047506,3,1,6,10
2024-10-14,0.12989294477978502,2,1,7,10
2024-10-15,0.3612500839579021,3,1,6,10
2024-10-16,0.18006944807141723,2,1,7,10
2024-10-17,0.22403927014671948,3,1,6,10
2024-10-18,0.19948331950332815,3,1,6,10
2024-10-19,0.3038157966642005,3,1,6,10
2024-10-20,0.4028042956981341,4,1,5,10
2024-10-21,0.2836059743508606,3,1,6,10
2024-10-22,0.11187642314569883,2,1,7,10
2024-10-23,0.14585901645657964,2,1,7,10
2024-10-24,0.031425200585705484,2,1,7,10
2024-10-25,0.27997553434308475,3,1,6,10
2024-10-26,0.21631102131211505,3,1,6,10
2024-10-27,0.11470626195460318,2,1,7,10
2024-10-28,0.11466339123346252,2,1,7,10
2024-10-29,-0.06918126618263148,1,1,8,10
2024-10-30,-0.1436188233808072,1,2,7,10
2024-10-31,0.0686401180149878,2,1,7,10
2024-11-01,-0.016268552507643974,1,1,8,10
2024-11-02,-0.11826119279261987,1,2,7,10
2024-11-03,0.00547123924725286,2,1,7,10
2024-11-04,0.16378348832945544,2,1,7,10
2024-11-05,0.21067634895313547,3,1,6,10
2024-11-06,0.27440803337541747,3,1,6,10
2024-11-07,0.10549249532486751,2,1,7,10
2024-11-08,-0.08410447378867592,1,1,8,10
2024-11-09,0.1434348145312005,2,1,7,10
2024-11-10,0.07245373304340547,2,1,7,10
2024-11-11,0.03493764876278932,2,1,7,10
2024-11-12,0.20003545297688144,3,1,6,10
2024-11-13,0.21471332982223357,3,1,6,10
2024-11-14,0.2122128812934262,3,1,6,10
2024-11-15,0.4156813384880385,4,1,5,10
2024-11-16,0.2109133666307893,3,1,6,10
2024-11-17,0.26637718793894294,3,1,6,10
2024-11-18,0.1979294314071445,3,1,6,10
2024-11-19,0.1788278881374162,2,1,7,10
2024-11-20,0.3175970227180058,3,1,6,10
2024-11-21,0.28532103978064005,3,1,6,10
2024-11-22,0.2679968896025534,3,1,6,10
2024-11-23,0.3208415429780174,3,1,6,10
2024-11-24,0.18269535964974654,2,1,7,10
2024-11-25,0.03598950795083594,2,1,7,10
2024-11-26,-0.08404123885529921,1,1,8,10
2024-11-27,-0.27264691172188327,1,2,7,10
2024-11-28,0.08746704723279597,2,1,7,10
2024-11-29,-0.05758873892610314,1,1,8,10
2024-11-30,-0.04604043087307824,1,1,8,10
2024-12-01,-0.045201191794989895,1,1,8,10
2024-12-02,0.025450713329530097,2,1,7,10
2024-12-03,0.13237411342809163,2,1,7,10
2024-12-04,0.20724267659061046,3,1,6,10
2024-12-05,0.08268113141480563,2,1,7,10
2024-12-06,0.051630814024435714,2,1,7,10
2024-12-07,0.08541230743366063,2,1,7,10
2024-12-08,0.0436177489490352,2,1,7,10
2024-12-09,0.23917569019845344,3,1,6,10
2024-12-10,0.23232387708476634,3,1,6,10
2024-12-11,0.25713853869025766,3,1,6,10
2024-12-12,0.2646284866479384,3,1,6,10
2024-12-13,0.33076806347858045,3,1,6,10
2024-12-14,0.25466451256470357,3,1,6,10
2024-12-15,0.02785478367153718,2,1,7,10
2024-12-16,0.0840108478559976,2,1,7,10
2024-12-17,-0.005613091889439592,2,1,7,10
2024-12-18,-0.04913982727892511,1,1,8,10
2024-12-19,0.05636547877849131,2,1,7,10
2024-12-20,0.20317421403723707,3,1,6,10
2024-12-21,0.15255851259171294,2,1,7,10
2024-12-22,0.15416567895567052,2,1,7,10
2024-12-23,0.32241616893659586,3,1,6,10
2024-12-24,0.25640357560659693,3,1,6,10
2024-12-25,0.49680698210511687,4,1,5,10
2024-12-26,0.4087283801032927,4,1,5,10
2024-12-27,0.07232460022762358,2,1,7,10
2024-12-28,0.15535466893968067,2,1,7,10
2024-12-29,0.1646622252559072,2,1,7,10
2024-12-30,0.27974346116545057,3,1,6,10
