ts,price,date
1774285419326,70539.95075755077,2026-03-23
1774289023051,71069.34533324269,2026-03-23
1774292633045,71049.75201776822,2026-03-23
1774296266620,70673.84328686942,2026-03-23
1774299816033,70898.50990542116,2026-03-23
1774303408929,70871.49537193075,2026-03-23
1774307025953,70754.11294097341,2026-03-23
1774310581550,70892.82823994374,2026-03-24
1774314191859,70691.20963441042,2026-03-24
1774317773654,70497.783796673,2026-03-24
1774321226282,70429.82090509095,2026-03-24
1774324973422,70505.5355628202,2026-03-24
1774328617094,70367.86749397316,2026-03-24
1774332095299,70252.45308411747,2026-03-24
1774335726833,70502.13562095199,2026-03-24
1774339306399,71285.55416417253,2026-03-24
1774342894519,70926.05228348031,2026-03-24
1774346477550,71299.66799821133,2026-03-24
1774350100911,71237.84222578786,2026-03-24
1774353713259,71110.07805777165,2026-03-24
1774357314402,70930.59887301897,2026-03-24
1774360878048,70039.64380544117,2026-03-24
1774364513516,69903.3681889646,2026-03-24
1774368104685,69872.59897269034,2026-03-24
1774371698079,69442.96978741302,2026-03-24
1774375299369,69179.35721667454,2026-03-24
1774378859322,69417.88017389276,2026-03-24
1774382512338,69296.70386159363,2026-03-24
1774386070241,70036.29129693768,2026-03-24
1774389695855,70259.23587427003,2026-03-24
1774393302313,70327.56965564,2026-03-24
1774396901189,70524.51175942823,2026-03-25
1774400477409,70847.88845384026,2026-03-25
1774404116680,70709.04546672574,2026-03-25
1774407721664,70485.95261570862,2026-03-25
1774411297522,70696.82035952818,2026-03-25
1774414916714,70916.77984389212,2026-03-25
1774418407649,71082.75166729843,2026-03-25
1774422052573,71012.75095282859,2026-03-25
1774425681741,70899.66539633296,2026-03-25
1774429249017,71240.60340405164,2026-03-25
1774432879756,71326.31988743633,2026-03-25
1774436545739,71494.83039503878,2026-03-25
1774440151946,71651.03014324601,2026-03-25
1774443737052,71682.98549923916,2026-03-25
1774447372972,71631.72227038858,2026-03-25
1774450945657,71291.00953905468,2026-03-25
1774454511937,70843.14037566936,2026-03-25
1774458215970,71310.27596792881,2026-03-25
1774461768127,70743.12969322263,2026-03-25
1774465413507,70762.88522631538,2026-03-25
1774468999649,70803.52212386463,2026-03-25
1774472626701,70982.1484301469,2026-03-25
1774476009804,71003.3810189207,2026-03-25
1774479784847,71343.12285014275,2026-03-25
1774483393778,71309.26403856269,2026-03-26
1774486957036,71235.418543699,2026-03-26
1774490537196,71245.79769201373,2026-03-26
1774494256276,70866.96468821711,2026-03-26
1774497802041,70865.83284704047,2026-03-26
1774501223783,70754.14022016643,2026-03-26
1774505012766,69976.52473870447,2026-03-26
1774508579937,70065.39506348,2026-03-26
1774512136009,70060.46802946102,2026-03-26
1774515725228,69983.71047448418,2026-03-26
1774519325496,69565.28302289729,2026-03-26
1774522962155,69461.64056489215,2026-03-26
1774526576387,69258.38692240322,2026-03-26
1774530160282,69416.11164790414,2026-03-26
1774533744361,69530.43000475917,2026-03-26
1774537429908,69462.818723659,2026-03-26
1774540929547,69052.36668187703,2026-03-26
1774544545087,68886.05755073845,2026-03-26
1774548124516,68460.0405580777,2026-03-26
1774551824798,68432.89019563152,2026-03-26
1774555353024,68575.61619653407,2026-03-26
1774558982668,68949.5314813283,2026-03-26
1774562504418,68888.27500980144,2026-03-26
1774566177028,68826.30686850422,2026-03-26
1774569713681,68791.11093800364,2026-03-27
1774573321307,68712.98514161636,2026-03-27
1774576918450,68987.91604743515,2026-03-27
1774580550629,68861.18343940613,2026-03-27
1774584105099,68732.87385203048,2026-03-27
1774587610314,68544.83136866611,2026-03-27
1774591342784,68584.57619715178,2026-03-27
1774594952479,68614.73543266914,2026-03-27
1774598541043,68433.29595166513,2026-03-27
1774602128660,67896.72261998236,2026-03-27
1774605725619,67666.10383727407,2026-03-27
1774609352756,66462.11327811745,2026-03-27
1774612878669,66666.3731870575,2026-03-27
1774616517509,66589.48462775366,2026-03-27
1774620157380,66110.91859349872,2026-03-27
1774623672138,66166.55253010265,2026-03-27
1774627301235,66084.9735136777,2026-03-27
1774630911354,65931.436380254,2026-03-27
1774634553036,65604.15370696093,2026-03-27
1774638116668,65817.95817627014,2026-03-27
1774641715474,66036.20502233546,2026-03-27
1774645269262,65978.7624110396,2026-03-27
1774648898706,66021.45792444395,2026-03-27
1774652422388,65981.97377183192,2026-03-27
1774656108123,66327.66737271791,2026-03-28
1774659725818,66382.83249898783,2026-03-28
1774663307482,66067.46482722324,2026-03-28
1774666933976,65995.96577262062,2026-03-28
1774670473119,66167.61183329132,2026-03-28
1774674103758,66189.65590146254,2026-03-28
1774677770598,66307.09909195548,2026-03-28
1774681361612,66363.77341122921,2026-03-28
1774684971907,66516.27378317354,2026-03-28
1774688564620,66350.41976637962,2026-03-28
1774692183789,66263.63211704824,2026-03-28
1774695755027,66178.92986536778,2026-03-28
1774699350566,66303.92808472476,2026-03-28
1774702959960,66415.83889333812,2026-03-28
1774706563374,66770.2554659786,2026-03-28
1774710134949,66707.15373392777,2026-03-28
1774713701933,66946.6353317456,2026-03-28
1774717340045,66874.77753331588,2026-03-28
1774720848596,66803.07998327093,2026-03-28
1774724499985,66879.95377021199,2026-03-28
1774728020090,66851.141718053,2026-03-28
1774731726850,66894.75795554336,2026-03-28
1774735329384,66645.1518328983,2026-03-28
1774738933564,66694.139781946,2026-03-28
1774742442590,66321.06539994745,2026-03-29
1774746121074,66412.9505268756,2026-03-29
1774749618934,66521.48936569078,2026-03-29
1774753403935,66735.3884387065,2026-03-29
1774756928014,66860.30574313855,2026-03-29
1774760651134,66683.71289085437,2026-03-29
1774764148603,66741.21981768549,2026-03-29
1774767653805,66688.62043170675,2026-03-29
1774771427213,66630.82888015691,2026-03-29
1774774960670,66674.97448070651,2026-03-29
1774778601069,66581.35073321467,2026-03-29
1774782072480,66469.4796184686,2026-03-29
1774785788212,66774.32162975357,2026-03-29
1774789314842,66794.30316085815,2026-03-29
1774792883439,66517.1597689279,2026-03-29
1774796616208,66517.29275887285,2026-03-29
1774800208904,66466.44058378502,2026-03-29
1774803755729,66444.45410400286,2026-03-29
1774807419550,66331.62463090713,2026-03-29
1774810958133,66375.06666880092,2026-03-29
1774814536313,66284.482768732,2026-03-29
1774818142563,66546.10792505798,2026-03-29
1774821754238,66674.76525877648,2026-03-29
1774825352382,65813.3236524164,2026-03-29
1774828966299,65970.42899513361,2026-03-30
1774832567800,66252.8557606698,2026-03-30
1774836027641,66578.9309952134,2026-03-30
1774839749868,67070.37991749584,2026-03-30
1774843372251,67111.63131687373,2026-03-30
1774846918078,67548.59321993159,2026-03-30
1774850609452,67461.9195301119,2026-03-30
1774854136845,67274.14216754284,2026-03-30
1774857734241,67516.1458614326,2026-03-30
1774861309311,67616.6140366827,2026-03-30
1774864935200,67448.61317843373,2026-03-30
1774868602929,67434.17090680324,2026-03-30
1774872166388,67590.41657666316,2026-03-30
1774875791854,67850.83361908437,2026-03-30
1774879346157,67454.49103166346,2026-03-30
1774882937858,67732.65929264908,2026-03-30
1774886539611,67565.83141885296,2026-03-30
1774890137414,67262.04727463868,2026-03-30
1774893775845,66753.13370588605,2026-03-30
1774897379069,66555.3785781471,2026-03-30
1774900934310,66432.346364874,2026-03-30
1774904400111,66587.99024414114,2026-03-30
1774908115394,66757.19246041842,2026-03-30
1774911754488,66734.19561943135,2026-03-30
1774915251658,66699.27436893585,2026-03-31
1774918959095,67091.7699360093,2026-03-31
1774922593465,67930.29873609915,2026-03-31
1774926188705,67945.39135718174,2026-03-31
1774929752591,67646.52741376395,2026-03-31
1774933217262,67488.81448012279,2026-03-31
1774937014045,67618.1466100619,2026-03-31
1774940587902,67449.74316002423,2026-03-31
1774944127622,67299.23356164555,2026-03-31
1774947710854,66756.23307911558,2026-03-31
1774951351685,66037.9769355128,2026-03-31
1774954965003,66302.74182544308,2026-03-31
1774958568819,66620.01251485397,2026-03-31
1774962125102,66608.17879412256,2026-03-31
1774965761238,67163.45267766963,2026-03-31
1774969215473,66558.38670829509,2026-03-31
1774972935280,66698.35856220762,2026-03-31
1774976553066,67542.07857770176,2026-03-31
1774980130393,67395.06167693074,2026-03-31
1774983739613,67721.57727071697,2026-03-31
1774987363718,67762.72263907967,2026-03-31
1774990800135,68136.90158842586,2026-03-31
1774994551087,68196.60422235407,2026-03-31
1774998192739,68146.94856232416,2026-03-31
1775001767897,68231.32977209098,2026-04-01
1775005402355,68223.70211409187,2026-04-01
1775008973680,67741.61626889415,2026-04-01
1775012531509,67581.86166020094,2026-04-01
1775016003908,68067.62035882538,2026-04-01
1775019806624,68224.37632532336,2026-04-01
1775023328753,68401.93752431103,2026-04-01
1775027037397,69101.02455101817,2026-04-01
1775030542800,68646.2153927601,2026-04-01
1775034069525,68680.0015059391,2026-04-01
1775037684018,68626.63130937202,2026-04-01
1775041325301,68508.40129805205,2026-04-01
1775044918460,68680.84374401876,2026-04-01
1775048473633,68343.56225372679,2026-04-01
1775052022681,68151.20863221223,2026-04-01
1775055716129,68576.84472219975,2026-04-01
1775059280844,68912.84268211982,2026-04-01
1775062975213,68799.77917560302,2026-04-01
1775066579538,68240.24706711619,2026-04-01
1775070202403,68023.58605482857,2026-04-01
1775073749796,68154.86398435834,2026-04-01
1775077384455,68175.95391085128,2026-04-01
1775080927324,68391.24257663927,2026-04-01
1775084537247,68114.03006381732,2026-04-01
1775088146271,68089.0553821667,2026-04-02
1775091722785,68603.81518600573,2026-04-02
1775095209661,67340.65566741725,2026-04-02
1775098964669,66883.83605935876,2026-04-02
1775102440582,66575.77213344672,2026-04-02
1775106108290,66321.04797309662,2026-04-02
1775109752765,66602.8413160976,2026-04-02
1775113357302,66656.94078042037,2026-04-02
1775116999034,66909.34933451931,2026-04-02
1775120577195,66449.57544171493,2026-04-02
1775124022705,66435.38009063744,2026-04-02
1775127743066,66446.2507697172,2026-04-02
1775131355895,66211.97878883997,2026-04-02
1775134816343,66045.87831151168,2026-04-02
1775138564014,66188.87154071992,2026-04-02
1775142169441,66909.19266878879,2026-04-02
1775145781508,66795.72084034089,2026-04-02
1775149212952,67115.41516763417,2026-04-02
1775152981648,66685.7541320896,2026-04-02
1775156547741,66968.16740110016,2026-04-02
1775160128551,67007.8370561365,2026-04-02
1775163770942,66936.7766889142,2026-04-02
1775167338757,66913.35635201377,2026-04-02
1775170983578,67019.98617750364,2026-04-02
1775174623463,66891.6645686824,2026-04-03
1775178160721,66766.83378026339,2026-04-03
1775181766385,66598.5292617686,2026-04-03
1775185436057,66486.53838422897,2026-04-03
1775188957518,66592.5837886582,2026-04-03
1775192550446,66622.1301266791,2026-04-03
1775196113375,66565.35592404183,2026-04-03
1775199624794,66774.72967202778,2026-04-03
1775203378355,67029.59211299967,2026-04-03
1775206941023,66960.01542488545,2026-04-03
1775210580909,66849.26901001042,2026-04-03
1775214187733,66880.5203155653,2026-04-03
1775217757596,66995.15627559036,2026-04-03
1775221357169,66748.11979266288,2026-04-03
1775225015499,66660.11042612021,2026-04-03
1775228605607,66955.22348841895,2026-04-03
1775232219663,66852.90061614981,2026-04-03
1775235619091,66999.82831564221,2026-04-03
1775239375448,66854.37823021295,2026-04-03
1775242905998,66806.59346136711,2026-04-03
1775246540440,66857.44858264831,2026-04-03
1775250247691,66834.11292973414,2026-04-03
1775253788857,66933.25990570891,2026-04-03
1775257446906,66894.47014206758,2026-04-03
1775261073631,66939.69121715311,2026-04-04
1775264669447,66879.65637400307,2026-04-04
1775268671758,66872.1583176364,2026-04-04
1775273677631,66842.73653470511,2026-04-04
1775277885787,66849.63302499072,2026-04-04
1775281242716,66898.68182804435,2026-04-04
1775283833198,66949.93585862593,2026-04-04
1775288531719,66959.8290597061,2026-04-04
1775292327385,66956.39329306711,2026-04-04
1775296755996,66969.68382838744,2026-04-04
1775299997639,67055.68033246692,2026-04-04
1775300538109,67148.53813215913,2026-04-04
1775304207115,67118.41754617015,2026-04-04
1775307780893,67091.65190730197,2026-04-04
1775311316392,67202.57710061049,2026-04-04
1775314955788,67161.09858028076,2026-04-04
1775318543498,67358.32039965459,2026-04-04
1775322145712,67433.23263448066,2026-04-04
1775325779860,67337.99609944993,2026-04-04
1775329357329,67286.25215676849,2026-04-04
1775332944173,67280.01729605702,2026-04-04
1775336586654,67253.3977870876,2026-04-04
1775340027623,67354.82243829477,2026-04-04
1775343752041,67387.66168189244,2026-04-04
1775347329113,67305.53270568071,2026-04-05
1775350907635,67194.73102381348,2026-04-05
1775354503286,67097.64999707985,2026-04-05
1775358137943,67159.48840990113,2026-04-05
1775361726836,67116.68074067455,2026-04-05
1775365370222,67088.16878284267,2026-04-05
1775368864455,66898.91046104902,2026-04-05
1775372589468,66834.55616852113,2026-04-05
1775376199058,66795.06711340805,2026-04-05
1775379789361,66909.58641953235,2026-04-05
1775383404024,67013.36757024149,2026-04-05
1775386981599,67035.71402873952,2026-04-05
1775390648122,66983.49768825137,2026-04-05
1775394253417,66767.0131421243,2026-04-05
1775397779659,66876.89335408386,2026-04-05
1775401398934,66905.41123953745,2026-04-05
1775404876102,67283.50017521076,2026-04-05
1775408610347,67187.35275626543,2026-04-05
1775412229690,67332.04972364994,2026-04-05
1775415813994,67359.54022197741,2026-04-05
1775419414804,67312.40029436244,2026-04-05
1775423015526,67618.85865651761,2026-04-05
1775426552830,67524.98600017147,2026-04-05
1775430168902,68319.43753253935,2026-04-05
1775433773324,68985.52642694542,2026-04-06
1775437422802,69083.92977430127,2026-04-06
1775440936333,68800.40695728877,2026-04-06
1775444405481,69227.82786574122,2026-04-06
1775448175341,69064.09289025438,2026-04-06
1775451730025,69116.69442689166,2026-04-06
1775455339289,69171.24699553306,2026-04-06
1775458919290,68966.1397153888,2026-04-06
1775462588697,69085.18372122863,2026-04-06
1775466186761,69233.4136963385,2026-04-06
1775469811989,69734.14395438247,2026-04-06
1775473428063,69729.51473053802,2026-04-06
1775477015807,69600.5179200479,2026-04-06
1775480630026,69352.92735076058,2026-04-06
1775484185376,69373.69205341725,2026-04-06
1775487806613,69667.13541738002,2026-04-06
1775491415125,69929.83872890126,2026-04-06
1775495004648,69841.20001007705,2026-04-06
1775498582351,69564.81342982552,2026-04-06
1775502204188,69878.68104808578,2026-04-06
1775505771884,69717.8937360636,2026-04-06
1775509420598,69831.8001596643,2026-04-06
1775513014966,69517.64005572062,2026-04-06
1775516615544,68899.60245420209,2026-04-06
1775520225370,68864.23452757328,2026-04-07
1775523771745,68832.75094748284,2026-04-07
1775527405453,68427.09873546906,2026-04-07
1775530943092,68663.74447668072,2026-04-07
1775534536596,68751.88746717676,2026-04-07
1775538042721,68851.31995374622,2026-04-07
1775541804027,68619.33116054142,2026-04-07
1775545360154,68567.66396182259,2026-04-07
1775548906322,68623.99620612123,2026-04-07
1775552630577,68946.09680366235,2026-04-07
1775556017122,69141.14072015522,2026-04-07
1775559799899,68229.74780513061,2026-04-07
1775563375781,68354.49021829801,2026-04-07
1775567051812,68410.07652754907,2026-04-07
1775570588225,68261.13224800787,2026-04-07
1775574257224,67946.5734483157,2026-04-07
1775577737848,68143.49762077775,2026-04-07
1775581375716,68212.47656909314,2026-04-07
1775584984472,68696.07855831205,2026-04-07
1775588624081,68422.4839048095,2026-04-07
1775592195395,68980.0719686061,2026-04-07
1775595802898,69283.45294227805,2026-04-07
1775599411154,69902.9648185693,2026-04-07
1775602979712,71406.79268018887,2026-04-07
1775606630556,71975.62171045873,2026-04-08
1775610225012,71675.99566085906,2026-04-08
1775613609521,71455.72565809466,2026-04-08
1775617444438,71319.15990521638,2026-04-08
1775621028639,71288.57608171008,2026-04-08
1775624567743,71588.90550886675,2026-04-08
1775628148154,71715.30467887901,2026-04-08
1775631603040,71716.33126607565,2026-04-08
1775635354290,71607.85137669035,2026-04-08
1775638933970,71769.45685444491,2026-04-08
1775642547711,71684.51069741158,2026-04-08
1775646133760,71500.27882941788,2026-04-08
1775649717405,71677.1185370044,2026-04-08
1775653369223,72088.64825915922,2026-04-08
1775656917317,71595.26553578468,2026-04-08
1775660559718,70839.24039381472,2026-04-08
1775664156888,71300.97902964945,2026-04-08
1775667690132,71616.877152209,2026-04-08
1775671313797,71892.24518699429,2026-04-08
1775674801041,71229.56326243738,2026-04-08
1775678534672,71305.21033797062,2026-04-08
1775682117308,71362.71539046324,2026-04-08
1775685745785,71530.37434625559,2026-04-08
1775689349721,71084.7379943279,2026-04-08
1775692869135,71117.07713411814,2026-04-09
1775696522757,70845.22545982263,2026-04-09
1775700011524,70922.75282918435,2026-04-09
1775703816204,71068.58019162083,2026-04-09
1775707417187,70981.6288101902,2026-04-09
1775711146146,70799.60700836459,2026-04-09
1775714684503,70965.48437451581,2026-04-09
1775718243017,71016.5630113181,2026-04-09
1775721751962,70978.52324259015,2026-04-09
1775725354684,71246.89042396861,2026-04-09
1775728955398,71507.87481912013,2026-04-09
1775732534096,71300.96039707496,2026-04-09
1775736178012,71155.21114397157,2026-04-09
1775739686518,71276.76446761427,2026-04-09
1775743344419,70785.05000466589,2026-04-09
1775747031509,71127.957103332,2026-04-09
1775750594219,72118.44858894373,2026-04-09
1775754141680,72037.6426727806,2026-04-09
1775757812858,72336.54140048083,2026-04-09
1775761371614,71893.610912954,2026-04-09
1775764988545,72070.08677387866,2026-04-09
1775768545117,72383.7859971068,2026-04-09
1775772180179,72266.84687965605,2026-04-09
1775775754238,72038.73499515245,2026-04-09
1775779323672,71770.7468500515,2026-04-10
1775782961718,71901.79175365834,2026-04-10
1775786567426,72173.42838519269,2026-04-10
1775790188690,71953.23424014167,2026-04-10
1775793759654,71865.73686761591,2026-04-10
1775797219643,72079.56841539979,2026-04-10
1775801045920,72112.96420024637,2026-04-10
1775804583840,71817.12552073848,2026-04-10
1775808222516,71470.27731650925,2026-04-10
1775811793155,71593.7324591,2026-04-10
1775815348474,71796.50490633331,2026-04-10
1775818955459,71920.85028120317,2026-04-10
1775822551619,72119.88962425478,2026-04-10
1775826150911,72262.57545693751,2026-04-10
1775829781391,72352.99495246565,2026-04-10
1775833246168,72910.286509564,2026-04-10
1775836905480,72416.71456276764,2026-04-10
1775840544502,73047.87605887717,2026-04-10
1775844122792,73108.13417606706,2026-04-10
1775847786524,73113.35661801924,2026-04-10
1775851263438,73242.51336592567,2026-04-10
1775856437046,73154.25045773029,2026-04-10
1775860479943,73030.13569896588,2026-04-10
1775864529854,72926.07869726027,2026-04-10
1775868937498,72843.71988601146,2026-04-11
1775871368415,72933.62950394394,2026-04-11
1775876023175,72979.02160669946,2026-04-11
1775879989826,72886.12041481228,2026-04-11
1775883597343,72827.93298111406,2026-04-11
1775883996143,72843.21745118427,2026-04-11
1775886114310,72842.7231933809,2026-04-11
1775890498331,72775.97739192744,2026-04-11
1775891843016,72766.14590799584,2026-04-11
1775896594354,72772.64644979121,2026-04-11
1775900373839,72853.90041790249,2026-04-11
1775904475793,72817.08792837358,2026-04-11
1775908798622,72916.14120350627,2026-04-11
1775908924899,72916.14120350627,2026-04-11
1775913160800,72804.2299612631,2026-04-11
1775918008343,72748.47373621527,2026-04-11
1775922413522,72789.74511933756,2026-04-11
1775924633572,72911.0624318832,2026-04-11
1775929056762,73152.70207419568,2026-04-11
1775933994234,73538.48935210315,2026-04-11
1775934149710,73538.48935210315,2026-04-11
1775939694476,73448.58870379567,2026-04-11
1775942085604,73398.20533676402,2026-04-11
1775946876696,73486.94155013928,2026-04-11
1775951697958,73053.88808483821,2026-04-11
1775952385717,72979.83971431734,2026-04-12
1775957286993,73085.90563102519,2026-04-12
1775958350692,71795.81856513888,2026-04-12
1775958663870,71564.79218802848,2026-04-12
1775958722944,71564.79218802848,2026-04-12
1775958758037,71564.79218802848,2026-04-12
1775958812378,71564.79218802848,2026-04-12
1775959234597,71658.39262133169,2026-04-12
1775962858603,71817.96361452986,2026-04-12
1775966405407,71661.6951211,2026-04-12
1775970055737,71484.30672806092,2026-04-12
1775973675808,71741.79142212505,2026-04-12
1775977253631,71662.19399624226,2026-04-12
1775980850905,71746.64597859567,2026-04-12
1775984457748,71630.03448995003,2026-04-12
1775988047701,71552.63541930693,2026-04-12
1775991661927,71456.10546729324,2026-04-12
1775995249284,71491.13137229905,2026-04-12
1775998848361,71149.9056162426,2026-04-12
1776002468216,70911.47145158266,2026-04-12
1776006060779,70779.92731840577,2026-04-12
1776009646417,70904.84604333997,2026-04-12
1776013263121,70903.77263535118,2026-04-12
1776016868613,71150.64375760725,2026-04-12
1776020458552,71163.53405223005,2026-04-12
1776024058746,71106.4322764737,2026-04-12
1776027663562,71345.73089938107,2026-04-12
1776031255698,71281.69736597982,2026-04-12
1776034860851,70904.50714836456,2026-04-12
1776038456435,70756.75105500016,2026-04-13
1776042040068,71165.70954152242,2026-04-13
1776045655063,71200.90367970068,2026-04-13
1776049267173,71068.79552154658,2026-04-13
1776052876259,70995.17192216238,2026-04-13
1776056409653,70922.26986983724,2026-04-13
1776060011550,70855.49027047162,2026-04-13
1776063657708,71046.10954568665,2026-04-13
1776067253597,70821.26242203725,2026-04-13
1776070824220,70678.34587741118,2026-04-13
1776074470876,70791.57671954377,2026-04-13
1776078014486,70757.81212381866,2026-04-13
1776081625707,70942.34306274488,2026-04-13
1776085244324,71116.96710790826,2026-04-13
1776088829507,71583.55893696092,2026-04-13
1776092449777,72339.61715675824,2026-04-13
1776096076947,71862.77335070871,2026-04-13
1776099659683,72188.72160865474,2026-04-13
1776103264832,72162.8397916949,2026-04-13
1776106813463,72460.07864955084,2026-04-13
1776110448451,73381.47419986023,2026-04-13
1776114002371,73203.04293101993,2026-04-13
1776117641811,73221.60423747003,2026-04-13
1776121230960,74666.14313470945,2026-04-13
1776124836476,74514.63006655,2026-04-14
1776128461194,74158.89130980147,2026-04-14
1776132078995,74388.23287589433,2026-04-14
1776135654949,74372.4013312016,2026-04-14
1776139233217,74459.50532558873,2026-04-14
1776142840071,74395.7884544637,2026-04-14
1776146447288,74208.53947859819,2026-04-14
1776150042551,74561.14077822378,2026-04-14
1776153614229,74545.48481720747,2026-04-14
1776157243142,74759.88315001455,2026-04-14
1776160804987,74529.6774912288,2026-04-14
1776164462420,74420.40463273888,2026-04-14
1776168054505,74419.89892258226,2026-04-14
1776171639274,74447.52478221676,2026-04-14
1776175262360,75482.48487597577,2026-04-14
1776178862196,75181.38556603497,2026-04-14
1776182440512,75395.3924398678,2026-04-14
1776186032946,74651.92842887786,2026-04-14
1776189636514,74773.49780939563,2026-04-14
1776193258829,74100.7452778941,2026-04-14
1776196844921,74263.1900745163,2026-04-14
1776200426238,74072.48913347033,2026-04-14
1776204002507,74290.23171793141,2026-04-14
1776207636708,74103.7716473976,2026-04-14
1776211245610,74181.10807228928,2026-04-15
1776214851697,74573.40267174094,2026-04-15
1776218450163,74654.99786830232,2026-04-15
1776222016199,74341.62437331716,2026-04-15
1776225639605,74365.80262765262,2026-04-15
1776229243876,74330.25655492964,2026-04-15
1776232852273,74046.70291058748,2026-04-15
1776236462445,73907.20613060378,2026-04-15
1776240041258,73761.19237686085,2026-04-15
1776243618611,74145.59574331983,2026-04-15
1776247239389,74016.72781267343,2026-04-15
1776250819930,74032.58109612072,2026-04-15
1776254427178,74204.63222618688,2026-04-15
1776258020779,74373.37724976474,2026-04-15
1776261673209,74069.7053336587,2026-04-15
1776265211429,74154.90157819202,2026-04-15
1776268832458,73820.14400449459,2026-04-15
1776272433830,73920.4427234278,2026-04-15
1776276025018,74112.8124801126,2026-04-15
1776279653822,74381.43657451161,2026-04-15
1776283214687,75065.22777479656,2026-04-15
1776286812180,74848.27826856509,2026-04-15
1776290447457,74755.67507475952,2026-04-15
1776294034385,74994.07056275372,2026-04-15
1776297626416,74810.96914134864,2026-04-16
1776301240862,74809.92614171893,2026-04-16
1776304882803,74624.49892113969,2026-04-16
1776308411395,74960.58296925222,2026-04-16
1776312037789,74899.68222426217,2026-04-16
1776315640828,74954.96884562605,2026-04-16
1776319298276,75046.35475775148,2026-04-16
1776322859044,74995.01740779368,2026-04-16
1776326474327,74705.72124858621,2026-04-16
1776330050379,74680.89837503555,2026-04-16
1776333646723,74622.01589094764,2026-04-16
1776337210003,74332.7583953483,2026-04-16
1776340843617,74556.17981114863,2026-04-16
1776344456375,74632.85353044435,2026-04-16
1776348031437,73705.01360985098,2026-04-16
1776351628941,73938.04397589041,2026-04-16
1776355218900,74740.25080601992,2026-04-16
1776358848233,74214.42990809566,2026-04-16
1776362426081,74273.00358424732,2026-04-16
1776366040853,75017.42674367223,2026-04-16
1776369623094,75389.68135904678,2026-04-16
1776373242253,75240.31590673576,2026-04-16
1776376827315,74944.91566812144,2026-04-16
1776380458176,74883.21300083205,2026-04-16
1776384030955,75149.1930221427,2026-04-17
1776387653697,74977.75409490333,2026-04-17
1776391222764,74787.851905865,2026-04-17
1776394807573,74695.48255658832,2026-04-17
1776398432051,74649.52985426539,2026-04-17
1776402060216,74792.21540789708,2026-04-17
1776405653685,74666.08972542649,2026-04-17
1776409248343,74913.00922361523,2026-04-17
1776412817378,75044.90134871528,2026-04-17
1776416471858,75739.35058143485,2026-04-17
1776420035344,75797.67899200699,2026-04-17
1776423613677,75297.00919396247,2026-04-17
1776427227085,75589.10032806055,2026-04-17
1776430804590,76213.45555656118,2026-04-17
1776434480758,77361.36237765808,2026-04-17
1776438058285,77956.91427499668,2026-04-17
1776441669527,77828.185699857,2026-04-17
1776445275036,77862.89905005145,2026-04-17
1776448831603,77498.81630549654,2026-04-17
1776452452485,77164.03670386429,2026-04-17
1776456054342,77436.59527540709,2026-04-17
1776459640617,77362.87288021417,2026-04-17
1776463262842,77496.71066229149,2026-04-17
1776466869578,77308.43885337995,2026-04-17
1776470415387,77128.44334858148,2026-04-18
1776474028704,77169.64712633878,2026-04-18
1776477612377,77201.78314338902,2026-04-18
1776481253738,77315.4096324451,2026-04-18
1776484838295,77013.53238285403,2026-04-18
1776488451751,77158.48113774008,2026-04-18
1776492024127,77152.68049883858,2026-04-18
1776495636584,77131.3006381946,2026-04-18
1776499225517,76998.06796704927,2026-04-18
1776502839772,76755.0998125113,2026-04-18
1776506408049,76617.80623429554,2026-04-18
1776510045450,76188.45755869409,2026-04-18
1776513657316,76072.68979550186,2026-04-18
1776517263736,76224.9598173141,2026-04-18
1776520825301,76137.19860160364,2026-04-18
1776524426751,76251.58670751007,2026-04-18
1776528012360,76181.98651177097,2026-04-18
1776531647226,75927.57132288165,2026-04-18
1776535253230,75864.95221180288,2026-04-18
1776538809275,75653.54136303878,2026-04-18
1776542456722,75670.66377392902,2026-04-18
1776546030982,75757.95160113281,2026-04-18
1776549620269,75828.32687513834,2026-04-18
1776553247003,75830.19171188552,2026-04-18
1776556819243,75728.45681761758,2026-04-19
1776560455762,75652.21984514158,2026-04-19
1776564038652,75642.12663561944,2026-04-19
1776567677341,75558.77945979389,2026-04-19
1776571274063,75540.50887836353,2026-04-19
1776574835911,75681.49533537882,2026-04-19
1776578435261,75569.83917977821,2026-04-19
1776582067182,75407.80704076507,2026-04-19
1776585633524,75295.98459973742,2026-04-19
1776589204218,75244.24719211207,2026-04-19
1776592859248,75020.97270538584,2026-04-19
1776596455940,75236.36654292562,2026-04-19
1776600037294,75599.26577131222,2026-04-19
1776603641851,75624.6529610848,2026-04-19
1776607228888,75920.89178630568,2026-04-19
1776610803231,76024.76202757412,2026-04-19
1776614420279,75840.65451654213,2026-04-19
1776618018075,75495.36817299578,2026-04-19
1776621636729,74800.94102146984,2026-04-19
1776625255283,74795.1465182244,2026-04-19
1776628843659,74974.34476516958,2026-04-19
1776632446413,74689.24400809643,2026-04-19
1776636018388,74460.14184607656,2026-04-19
1776639679302,74137.21873636951,2026-04-19
1776643248126,73856.05501487634,2026-04-20
1776646850777,74346.05375810764,2026-04-20
1776650444180,74623.05265769569,2026-04-20
1776654004643,74458.21813860718,2026-04-20
1776657622245,74653.54610763465,2026-04-20
1776661238550,74581.28237935815,2026-04-20
1776664852141,74277.51462154883,2026-04-20
1776668432318,74789.56984853405,2026-04-20
1776672052000,74795.97600729625,2026-04-20
1776675613386,74741.97729093608,2026-04-20
1776679246167,75062.12403807922,2026-04-20
1776682847491,75045.02524645194,2026-04-20
1776686430682,75179.56431310959,2026-04-20
1776690046403,75285.69738107114,2026-04-20
1776693621627,75290.96918392694,2026-04-20
1776697264999,75004.42275652137,2026-04-20
1776700811000,75687.721421251,2026-04-20
1776704431977,75340.28666497084,2026-04-20
1776708026267,75921.15197965335,2026-04-20
1776711659005,76437.62877231697,2026-04-20
1776715240654,76314.88533036472,2026-04-20
1776718882441,76302.84677235561,2026-04-20
1776722442504,75970.00268011336,2026-04-20
1776726009650,75992.70086029985,2026-04-20
1776729634491,75874.54629352967,2026-04-21
1776733242456,76085.88237404238,2026-04-21
1776736856297,75921.29817954023,2026-04-21
1776740455464,75628.03723799669,2026-04-21
1776744058013,75728.13586903199,2026-04-21
1776747632588,75814.67217221636,2026-04-21
1776751272730,75832.33172653822,2026-04-21
1776754841651,76008.88286643253,2026-04-21
1776758435784,76125.0717533993,2026-04-21
1776762008063,76542.40965523037,2026-04-21
1776765649642,76367.38771266557,2026-04-21
1776769225300,76784.39417696862,2026-04-21
1776772813537,76479.91862901945,2026-04-21
1776776460137,75992.30702339568,2026-04-21
1776780036415,75911.10361927166,2026-04-21
1776783616380,75762.711638902,2026-04-21
1776787226659,75803.94428247478,2026-04-21
1776790847102,75861.34549918868,2026-04-21
1776794477084,75556.47668629252,2026-04-21
1776798040192,75598.61267682334,2026-04-21
1776801652473,74995.37782854948,2026-04-21
1776805241688,75763.05667180788,2026-04-21
1776808832686,75574.10377442642,2026-04-21
1776812427372,75629.08968346077,2026-04-21
1776816037205,76350.25202878818,2026-04-22
1776819623839,76308.7293299303,2026-04-22
1776823255707,76322.61641898053,2026-04-22
1776826854527,77536.75470746626,2026-04-22
1776830440948,77587.83202645402,2026-04-22
1776834047209,77478.20552898936,2026-04-22
1776837657207,78016.40224612548,2026-04-22
1776841210741,77988.76554637455,2026-04-22
1776844851547,78067.63707556471,2026-04-22
1776848457778,78058.08975780573,2026-04-22
1776852056646,78024.52473191661,2026-04-22
1776855646807,78144.37988534916,2026-04-22
1776859256988,78287.86829838748,2026-04-22
1776862800597,78273.8966848666,2026-04-22
1776866403201,78815.99780735128,2026-04-22
1776870016489,79080.63292286295,2026-04-22
1776873664024,79321.15968354288,2026-04-22
1776877225757,78751.70323522005,2026-04-22
1776880850652,78923.92967916405,2026-04-22
1776884435409,79026.34137679906,2026-04-22
1776888052843,78946.3912548935,2026-04-22
1776891652677,78453.79426420951,2026-04-22
1776895205923,78791.52632630398,2026-04-22
1776898843763,78602.89731358779,2026-04-22
1776902440823,78194.78334884858,2026-04-23
1776906048116,78406.2930435807,2026-04-23
1776909618441,78357.18396749758,2026-04-23
1776913247770,77985.92377137982,2026-04-23
1776916847486,77745.85432228484,2026-04-23
1776920422561,77935.74125864716,2026-04-23
1776924037500,78027.34427996507,2026-04-23
1776927617638,78224.5180282668,2026-04-23
1776931239673,78031.99538001728,2026-04-23
1776934824199,77897.87177343022,2026-04-23
1776938453511,77638.50183036197,2026-04-23
1776942013367,77421.70696946804,2026-04-23
1776945660400,77720.82903527566,2026-04-23
1776949200958,77689.20240973093,2026-04-23
1776952803966,77534.60343866517,2026-04-23
1776956461571,78194.45325685579,2026-04-23
1776960035533,78400.43360010415,2026-04-23
1776963672798,78107.69300312691,2026-04-23
1776967235961,77774.75239415659,2026-04-23
1776970841386,77788.60996280434,2026-04-23
1776974471601,77758.18784079723,2026-04-23
1776978071533,77892.40295122238,2026-04-23
1776981652886,77960.96780301731,2026-04-23
1776985243134,78241.97434139495,2026-04-23
1776988855292,78260.61998045091,2026-04-24
1776992429654,78385.9994566751,2026-04-24
1776996008427,78450.36540019314,2026-04-24
1776999647663,78147.75938482724,2026-04-24
1777003251454,77747.45626454431,2026-04-24
1777006841879,77705.47025945061,2026-04-24
1777010430510,77986.53527373911,2026-04-24
1777014051674,77820.67157019368,2026-04-24
1777017652384,77631.4765633673,2026-04-24
1777021250209,77849.7374088029,2026-04-24
1777024808376,77541.44001609184,2026-04-24
1777028457707,77769.18978227278,2026-04-24
1777032048030,78246.79964995776,2026-04-24
1777035660411,78191.33520155153,2026-04-24
1777039244185,78079.14695903476,2026-04-24
1777042836375,78040.02364193133,2026-04-24
1777046444329,78047.3380693329,2026-04-24
1777050031162,77754.58226000571,2026-04-24
1777053646647,77684.72881988292,2026-04-24
1777057205954,77597.78722462713,2026-04-24
1777060822681,77640.62590796669,2026-04-24
1777064428860,77743.96821879945,2026-04-24
1777068076897,77598.4707273492,2026-04-24
1777071651647,77360.7247577714,2026-04-24
1777075232951,77444.79563692068,2026-04-25
1777078840202,77462.08912922682,2026-04-25
1777082455350,77566.91332664572,2026-04-25
1777086070721,77632.1049866153,2026-04-25
1777089671228,77659.99727324375,2026-04-25
1777093226002,77641.01117283583,2026-04-25
1777096804040,77526.33855221451,2026-04-25
1777100461155,77546.29139125944,2026-04-25
1777104027315,77552.43014091096,2026-04-25
1777107657268,77633.44423479457,2026-04-25
1777111256854,77756.29359070981,2026-04-25
1777114849067,77798.77053029239,2026-04-25
1777118449060,77681.05139222337,2026-04-25
1777122035344,77572.56576897178,2026-04-25
1777125659933,77704.47912526024,2026-04-25
1777129265720,77666.8630936243,2026-04-25
1777132836546,77369.37427037527,2026-04-25
1777136412416,77411.63283414992,2026-04-25
1777140028307,77268.59468461889,2026-04-25
1777143647539,77327.62457986774,2026-04-25
1777147231506,77334.26544839946,2026-04-25
1777150812443,77485.94368156035,2026-04-25
1777154433526,77517.55017621993,2026-04-25
1777158026584,77571.92469081761,2026-04-25
1777161643793,77619.14219872655,2026-04-26
1777165225674,77504.17855812809,2026-04-26
1777168803806,77474.23663746598,2026-04-26
1777172445470,77508.39871110146,2026-04-26
1777176012276,77421.9680597692,2026-04-26
1777179641556,77780.732585964,2026-04-26
1777183239567,78011.43215971511,2026-04-26
1777186801656,77968.04637604058,2026-04-26
1777190448885,78104.00311325732,2026-04-26
1777194025361,78046.40161728268,2026-04-26
1777197648136,78007.27442207371,2026-04-26
1777201242207,78005.02861473465,2026-04-26
1777204814977,78110.88161863454,2026-04-26
1777208439504,77838.15248676843,2026-04-26
1777212052097,77940.84317164119,2026-04-26
1777215657502,78104.22069639667,2026-04-26
1777219243334,78050.75607592058,2026-04-26
1777222856563,77985.65557780031,2026-04-26
1777226428642,78034.51980737594,2026-04-26
1777230043789,78274.34065021528,2026-04-26
1777233625299,78240.93686631313,2026-04-26
1777237256720,78229.8417681944,2026-04-26
1777240803843,78407.16125498862,2026-04-26
1777244420641,78378.05061328351,2026-04-26
1777248027238,78645.12560170851,2026-04-27
1777251649775,79260.26248669959,2026-04-27
1777255224503,79217.03669448356,2026-04-27
1777258812333,79161.16903469128,2026-04-27
1777262460515,79096.32338375495,2026-04-27
1777266008318,78918.2674998158,2026-04-27
1777269633628,77819.8190965596,2026-04-27
1777273211988,77728.11296302704,2026-04-27
1777276835326,77653.42820403715,2026-04-27
1777280423824,77801.48133620767,2026-04-27
1777284009832,77918.22130374532,2026-04-27
1777287648733,77858.06178429707,2026-04-27
1777291258779,77839.13057125034,2026-04-27
1777294832811,77636.7357570139,2026-04-27
1777298420954,77767.52764704514,2026-04-27
1777302065894,77816.0572264602,2026-04-27
1777305613302,76772.56122738226,2026-04-27
1777309212461,76597.37629170864,2026-04-27
1777312851604,76701.61237959677,2026-04-27
1777316456805,76840.12034837836,2026-04-27
1777320031438,76829.48158520267,2026-04-27
1777323648838,76986.58306724002,2026-04-27
1777327246196,76798.22801186582,2026-04-27
1777330843889,77068.29246494433,2026-04-27
1777334441441,77361.29911038803,2026-04-28
1777338046510,77383.54057877463,2026-04-28
1777341604023,77090.31107128707,2026-04-28
1777345256701,76833.05668971647,2026-04-28
1777348824854,76804.77382356762,2026-04-28
1777352448493,76884.15413049556,2026-04-28
1777356041954,76948.09017415001,2026-04-28
1777359628376,76711.2208351938,2026-04-28
1777363239870,76871.94798938799,2026-04-28
1777366857917,76823.96703050246,2026-04-28
1777370432750,76582.2382436488,2026-04-28
1777374077572,76587.46607990249,2026-04-28
1777377641615,76182.61040738711,2026-04-28
1777381251576,76342.5588428331,2026-04-28
1777384839320,76180.39793452619,2026-04-28
1777388463316,75849.31178726906,2026-04-28
1777392056195,76040.86480284185,2026-04-28
1777395634217,76108.79943793108,2026-04-28
1777399253791,76174.499991253,2026-04-28
1777402876832,76223.05617004436,2026-04-28
1777406476570,76340.1341246333,2026-04-28
1777410076527,76445.86122627115,2026-04-28
1777413677983,76353.70892706158,2026-04-28
1777417275820,76229.4038502392,2026-04-28
1777420879320,76345.22521002527,2026-04-29
1777424477903,76505.05470800745,2026-04-29
1777428056205,76537.83594119303,2026-04-29
1777431667974,76478.80195313173,2026-04-29
1777435222141,76961.46963288501,2026-04-29
1777438802625,77289.79308700348,2026-04-29
1777442438633,77258.63042398472,2026-04-29
1777446031012,76964.99741594712,2026-04-29
1777449611567,77023.71023600476,2026-04-29
1777453259060,77028.46347185198,2026-04-29
1777456873258,77629.86690905425,2026-04-29
1777460469390,77596.56363815261,2026-04-29
1777464054224,77579.59487006326,2026-04-29
1777467638082,77127.99638212805,2026-04-29
1777471262001,76776.12526378022,2026-04-29
1777474843812,76558.49021649477,2026-04-29
1777478461713,75858.12862387307,2026-04-29
1777482054287,75763.67004036404,2026-04-29
1777485628569,75996.93512732009,2026-04-29
1777489255543,75436.56581067356,2026-04-29
1777492847135,75468.90041834336,2026-04-29
1777496409185,75701.80458172278,2026-04-29
1777500034074,75924.91798195371,2026-04-29
1777503640535,75907.29950981027,2026-04-29
1777507246340,75774.8855230121,2026-04-30
1777510821235,76255.01364165342,2026-04-30
1777514424298,76220.83380666314,2026-04-30
1777518017943,75691.65564515392,2026-04-30
1777521641929,75909.7088552133,2026-04-30
1777525238275,75459.6526551717,2026-04-30
1777528838043,75580.06196734082,2026-04-30
1777532451783,75713.26283708648,2026-04-30
1777536059565,76085.14106760567,2026-04-30
1777539634276,76026.7764354485,2026-04-30
1777543243024,76090.4726987875,2026-04-30
1777546848342,75986.04492329038,2026-04-30
1777550421241,76005.83880555014,2026-04-30
1777554064561,76280.05036510443,2026-04-30
1777557650826,76410.61364346408,2026-04-30
1777561229633,76270.43468783535,2026-04-30
1777564859951,76455.76704590907,2026-04-30
1777568448747,76216.33823270486,2026-04-30
1777572024638,76235.32221878375,2026-04-30
1777575642712,76343.14131925348,2026-04-30
1777579239482,76391.95833110265,2026-04-30
1777582850514,76465.47268894286,2026-04-30
1777586444363,76231.26886058506,2026-04-30
1777590011796,76189.37205616337,2026-04-30
1777593600693,76286.57710950871,2026-05-01
1777597253489,76379.67128631244,2026-05-01
1777600847284,76656.57064385938,2026-05-01
1777604401370,76517.3133818177,2026-05-01
1777608010968,77085.22718465359,2026-05-01
1777611622505,77009.0736401404,2026-05-01
1777615238361,77118.9788591889,2026-05-01
1777618840828,77034.26419331781,2026-05-01
1777622426705,77096.21079038092,2026-05-01
1777626021323,77340.98047049128,2026-05-01
1777629616743,77231.30471966216,2026-05-01
1777633254545,77240.15798301293,2026-05-01
1777636845526,77433.64205650402,2026-05-01
1777640442692,77969.27491618901,2026-05-01
1777644070071,78695.21355815475,2026-05-01
1777647613191,78320.42975742156,2026-05-01
1777651249972,78434.82448589527,2026-05-01
1777654803247,78252.9324694872,2026-05-01
1777658452001,78548.40091164663,2026-05-01
1777662031370,78382.96178450093,2026-05-01
1777665628062,78423.58948035864,2026-05-01
1777669239242,77859.3116606549,2026-05-01
1777672849543,78174.02675323762,2026-05-01
1777676456057,78138.26976073837,2026-05-01
1777680033537,78172.07422147921,2026-05-02
1777683636113,78308.37520882013,2026-05-02
1777687244908,78286.27861903312,2026-05-02
1777690811975,78362.29923426916,2026-05-02
1777694439668,78437.93476926665,2026-05-02
1777698006749,78150.11936951149,2026-05-02
1777701628993,78195.68680702572,2026-05-02
1777705245701,78306.93283732959,2026-05-02
1777708848392,78194.06055081423,2026-05-02
1777712440845,78285.70832684374,2026-05-02
1777716047319,78281.28398457692,2026-05-02
1777719647841,78240.11769161666,2026-05-02
1777723241480,78128.46024348195,2026-05-02
1777726852674,78193.2744831238,2026-05-02
1777730423002,78360.21898348848,2026-05-02
1777734057596,78411.38510755789,2026-05-02
1777737633180,78461.63721855872,2026-05-02
1777741211069,78435.08617699439,2026-05-02
1777744804005,78382.70991118148,2026-05-02
1777748446535,78457.5389191646,2026-05-02
1777752015067,78447.53632340279,2026-05-02
1777755647472,78439.4139272263,2026-05-02
1777759224789,78732.6338722369,2026-05-02
1777762835245,78804.99536374844,2026-05-02
1777766459728,78666.02056290468,2026-05-03
1777770056603,78525.2146039029,2026-05-03
1777773628483,78247.12211102132,2026-05-03
1777777266475,78157.88034742486,2026-05-03
1777780854226,78188.40860775959,2026-05-03
1777784457318,78146.92223825728,2026-05-03
1777788049289,78229.08291869442,2026-05-03
1777791668417,78271.08132011641,2026-05-03
1777795238248,78350.69027764065,2026-05-03
1777798857190,78386.58845756314,2026-05-03
1777802456075,78514.79652456472,2026-05-03
1777806033462,78393.61348590766,2026-05-03
1777809611955,78651.90783179233,2026-05-03
1777813228703,78723.62272234702,2026-05-03
1777816856232,78671.01722577176,2026-05-03
1777820425426,78735.77368245517,2026-05-03
1777824001209,78648.51670661499,2026-05-03
1777827643040,78671.22481306917,2026-05-03
1777831264652,78714.14816000318,2026-05-03
1777834829236,78723.71597574794,2026-05-03
1777838406341,78772.93638758908,2026-05-03
1777842024969,78882.41352644576,2026-05-03
1777845602579,78784.56538231378,2026-05-03
1777849218129,79164.91262664807,2026-05-03
1777852824199,78542.80803714818,2026-05-04
1777856421733,78523.09209511426,2026-05-04
1777860011798,79525.0486011737,2026-05-04
1777863647107,80247.57433910447,2026-05-04
1777867219152,80254.0760312916,2026-05-04
1777870804028,80296.72362760552,2026-05-04
1777874449287,80010.78689175253,2026-05-04
1777878026455,79920.44749612657,2026-05-04
1777881653151,79689.3122143952,2026-05-04
1777885252207,79714.0128258611,2026-05-04
1777888851475,79832.33782372707,2026-05-04
1777892430233,78911.17072497762,2026-05-04
1777896029630,78794.5386775698,2026-05-04
1777899646426,78946.74382793218,2026-05-04
1777903219620,78795.3827203887,2026-05-04
1777906826294,80262.81441266934,2026-05-04
1777910459053,79961.47965724225,2026-05-04
1777914029774,79997.7587206583,2026-05-04
1777917624474,80468.0775179202,2026-05-04
1777921225417,80114.39169381397,2026-05-04
1777924836109,80052.0708073038,2026-05-04
1777928449527,79929.45608891523,2026-05-04
1777932046495,80248.55770465586,2026-05-04
1777935654225,80060.10705547684,2026-05-04
1777939220337,79824.40331204748,2026-05-05
1777942842625,80138.68119208484,2026-05-05
1777946436397,80325.98978821686,2026-05-05
1777950042948,80502.6608897079,2026-05-05
1777953641908,80862.32986289714,2026-05-05
1777957216870,80879.64169767959,2026-05-05
1777960831571,80964.32892911187,2026-05-05
1777964458056,80929.42691227201,2026-05-05
1777968059885,80832.01520950334,2026-05-05
1777971629966,80777.53289851543,2026-05-05
1777975269759,80559.87773983457,2026-05-05
1777978810508,80807.32656323555,2026-05-05
1777982450660,80980.88740291572,2026-05-05
1777986059256,81269.26250467004,2026-05-05
1777989674421,81344.9530195381,2026-05-05
1777993211258,81320.6271467758,2026-05-05
1777996849284,81531.44168217648,2026-05-05
1778000429851,81239.08701427226,2026-05-05
1778004027681,81263.69235345974,2026-05-05
1778007641471,81505.5389396501,2026-05-05
1778011242936,81610.0981394073,2026-05-05
1778014849608,81640.76606774832,2026-05-05
1778018415009,81435.04217472997,2026-05-05
1778022048759,81102.49055562499,2026-05-05
1778025642626,80925.09365495079,2026-05-06
1778029246577,81025.08656540702,2026-05-06
1778032811267,81397.411569984,2026-05-06
1778036422686,81358.38548975713,2026-05-06
1778040016151,81584.74166306602,2026-05-06
1778043630236,81306.10012559843,2026-05-06
1778047253578,81297.72330722761,2026-05-06
1778050834724,81473.56659293742,2026-05-06
1778054436137,81329.1136388315,2026-05-06
1778058036661,81899.30243968488,2026-05-06
1778061612605,81952.1101049097,2026-05-06
1778065257616,82290.68407538498,2026-05-06
1778068855127,82496.20820745183,2026-05-06
1778072407183,82205.60200195608,2026-05-06
1778076044107,81706.995476948,2026-05-06
1778079641537,81514.56522213451,2026-05-06
1778083250319,81680.52689781821,2026-05-06
1778086844518,81633.84574005251,2026-05-06
1778090478590,81442.95333192401,2026-05-06
1778094050023,81360.03801766584,2026-05-06
1778097640265,81467.38228080935,2026-05-06
1778101235035,81396.90859345869,2026-05-06
1778104833775,81535.56051187172,2026-05-06
1778108430621,81341.72824280302,2026-05-06
1778112043677,81424.99515650333,2026-05-07
1778115651201,81025.86984340467,2026-05-07
1778119221779,81164.7659265684,2026-05-07
1778122847617,81101.16003173548,2026-05-07
1778126426688,80866.42753547305,2026-05-07
1778130041167,80953.3833159498,2026-05-07
1778133629501,81039.78989761735,2026-05-07
1778137246447,81397.13070774359,2026-05-07
1778140827111,81497.72906865228,2026-05-07
1778144450018,81212.97643770608,2026-05-07
1778148066904,80923.64105632599,2026-05-07
1778151629356,80829.48845781687,2026-05-07
1778155206855,80858.04643663602,2026-05-07
1778158855622,81158.02618621176,2026-05-07
1778162410793,80518.08550605948,2026-05-07
1778166062945,80160.46228405276,2026-05-07
1778169627776,79895.48468462411,2026-05-07
1778173271652,79785.58492155476,2026-05-07
1778176836783,80080.24103755607,2026-05-07
1778180458078,80208.20259981617,2026-05-07
1778184004248,80086.82987664758,2026-05-07
1778187652509,79864.24334933555,2026-05-07
1778191251762,79778.9710136237,2026-05-07
1778194855585,79903.13315729475,2026-05-07
1778198405244,80022.04125006415,2026-05-08
1778202073615,79773.77281488809,2026-05-08
1778205637934,79726.5063910817,2026-05-08
1778209228351,79467.2776985759,2026-05-08
1778212814084,79565.88415271358,2026-05-08
1778216438884,79643.43510935546,2026-05-08
1778220035144,79621.66883251265,2026-05-08
1778223635816,79482.76287784053,2026-05-08
1778227207120,79666.44198815993,2026-05-08
1778230843846,79901.01949747415,2026-05-08
1778234435344,79852.08374240961,2026-05-08
1778238040409,80195.29628009013,2026-05-08
1778241650450,80218.69695879071,2026-05-08
1778245257951,80047.65873791873,2026-05-08
1778248852100,79588.23885692912,2026-05-08
1778252428461,80097.30821841754,2026-05-08
1778256055356,80104.66044328224,2026-05-08
1778259643496,79799.24748348113,2026-05-08
1778263253315,80026.20541110853,2026-05-08
1778266824329,80134.6910565651,2026-05-08
1778270438222,80095.51493127189,2026-05-08
1778274035999,80115.99080461846,2026-05-08
1778277639322,80222.98937217446,2026-05-08
1778281241591,80272.10755156755,2026-05-08
1778284830511,80189.06503567853,2026-05-09
1778288472532,80227.05117840739,2026-05-09
1778292056529,80338.74262095778,2026-05-09
1778295606027,80403.26336788909,2026-05-09
1778299229958,80381.29773964443,2026-05-09
1778302860807,80374.19698015944,2026-05-09
1778306455441,80384.38574538061,2026-05-09
1778310034180,80225.08553906319,2026-05-09
1778313620685,80217.38206877769,2026-05-09
1778317210776,80393.63767911753,2026-05-09
1778320817112,80205.7613054906,2026-05-09
1778324464837,80252.18834131895,2026-05-09
1778328023893,80350.36116385079,2026-05-09
1778331629436,80385.0903436548,2026-05-09
1778335255965,80375.02812868063,2026-05-09
1778338828716,80321.08226008785,2026-05-09
1778342439151,80513.2583951042,2026-05-09
1778346011378,80630.9162025437,2026-05-09
1778349673657,80785.86258160052,2026-05-09
1778353241248,80879.96174929348,2026-05-09
1778356848087,80894.73012869508,2026-05-09
1778360412832,80788.8733783315,2026-05-09
1778364046614,80783.06688231578,2026-05-09
1778367654295,80742.81677374235,2026-05-09
1778371221244,80678.03394296461,2026-05-10
1778374849367,80636.17438569819,2026-05-10
1778378444524,80646.3677133728,2026-05-10
1778382042298,80740.68224066612,2026-05-10
1778385639559,80784.86044941361,2026-05-10
1778389224394,80756.84067640145,2026-05-10
1778392853710,80687.81763340271,2026-05-10
1778396449530,80707.17550393201,2026-05-10
1778400048424,80713.38278757007,2026-05-10
1778403612115,80807.26967707316,2026-05-10
1778407252849,80789.39171240719,2026-05-10
1778410836713,80866.49555629356,2026-05-10
1778414454370,80823.27765456258,2026-05-10
1778418045367,80887.27456820405,2026-05-10
1778421633610,80934.7288755923,2026-05-10
1778425218573,80932.16651690709,2026-05-10
1778428846028,81405.10348001376,2026-05-10
1778432448799,81323.98418900248,2026-05-10
1778436033629,81443.36517602435,2026-05-10
1778439645457,81264.60516402808,2026-05-10
1778443231352,81411.0286812594,2026-05-10
1778446843940,80687.32159893127,2026-05-10
1778450437546,80720.07644503274,2026-05-10
1778454039528,82025.58932286626,2026-05-10
1778457657780,82145.65606759128,2026-05-11
1778461251884,81433.73448367607,2026-05-11
1778464892366,81472.29863059585,2026-05-11
1778468449097,81179.93465005465,2026-05-11
1778472031940,80694.97932549506,2026-05-11
1778475669665,80825.82378598195,2026-05-11
1778479225445,80821.49056329245,2026-05-11
1778482804794,80841.65645012756,2026-05-11
1778486407849,80710.23791266454,2026-05-11
1778490052765,80740.62330786207,2026-05-11
1778493641944,80942.44595589298,2026-05-11
1778497233986,80942.53310700732,2026-05-11
1778500835019,81149.89283166677,2026-05-11
1778504427843,81045.84776489827,2026-05-11
1778508024126,81001.73089268175,2026-05-11
1778511618981,80898.20817826076,2026-05-11
1778515222732,81383.84565643611,2026-05-11
1778518851267,81572.92679294707,2026-05-11
1778522470456,81900.99041225105,2026-05-11
1778526034748,81876.99123747677,2026-05-11
1778529608842,81939.13911645801,2026-05-11
1778533242688,81795.30398041235,2026-05-11
1778536922901,81811.90192971023,2026-05-11
1778540447829,81823.28617527579,2026-05-11
1778544027362,81725.20771701908,2026-05-12
1778547646949,81530.92615591706,2026-05-12
1778551232124,81170.30460840944,2026-05-12
1778554842009,81222.304124304,2026-05-12
1778558445205,81026.2679937985,2026-05-12
1778562052161,81199.57392751012,2026-05-12
1778565608103,81229.06269424419,2026-05-12
1778569250449,81010.85603635802,2026-05-12
1778572845072,80862.23210418917,2026-05-12
1778576451880,80837.67211840981,2026-05-12
1778580018314,80791.43564091134,2026-05-12
1778583660041,80632.79138688132,2026-05-12
1778587247697,80745.79929009557,2026-05-12
1778590829329,80845.76358282797,2026-05-12
1778594414558,80485.01831309334,2026-05-12
1778598055258,80496.58046316024,2026-05-12
1778601630484,80336.59109533313,2026-05-12
1778605222252,79962.92388446922,2026-05-12
1778608843569,80487.83277814712,2026-05-12
1778612438712,80679.53997173761,2026-05-12
1778616035982,80788.26866585051,2026-05-12
1778619638622,80675.66918067574,2026-05-12
1778623228571,80557.61091059956,2026-05-12
1778626821547,80652.28434539585,2026-05-12
1778630459840,80480.88600120835,2026-05-13
1778634050365,80691.23503359752,2026-05-13
1778637639750,80986.08973138953,2026-05-13
1778641210455,81023.16665948738,2026-05-13
1778644804275,81195.70925003936,2026-05-13
1778648430406,81206.64457454227,2026-05-13
1778652041397,80991.70388721126,2026-05-13
1778655636992,80954.3346205502,2026-05-13
1778659243879,80976.2602877737,2026-05-13
1778662815924,81150.00352652717,2026-05-13
1778666462316,81234.86412675556,2026-05-13
1778670026128,80794.70352168809,2026-05-13
1778673618489,80484.93652001802,2026-05-13
1778677261738,80172.12834472199,2026-05-13
1778680868364,79611.24439222651,2026-05-13
1778684469191,79694.94565363339,2026-05-13
1778688050345,78827.54792181139,2026-05-13
1778691675904,79083.71529336565,2026-05-13
1778695223416,79469.1336535052,2026-05-13
1778698837752,79611.13033898249,2026-05-13
1778702438723,79563.36017130932,2026-05-13
1778706042663,79664.0059203044,2026-05-13
1778709646841,79371.06007842836,2026-05-13
1778713229025,79401.91331959852,2026-05-13
1778716834090,79277.8045183824,2026-05-14
1778720444431,79571.06259655117,2026-05-14
1778724028139,79556.9768049897,2026-05-14
1778727642672,79326.79558356298,2026-05-14
1778731225393,78973.18631712155,2026-05-14
1778734807932,79398.19210185793,2026-05-14
1778738439350,79785.00644936842,2026-05-14
1778742051863,79790.68604436822,2026-05-14
1778745646496,79766.37977146132,2026-05-14
1778749246781,79786.22165732547,2026-05-14
1778752867474,79601.9534672012,2026-05-14
1778756459819,79545.68685406531,2026-05-14
1778760052089,79264.05774143318,2026-05-14
1778763639709,79726.24351022104,2026-05-14
1778767242849,79810.89690179186,2026-05-14
1778770817616,80920.39660281195,2026-05-14
1778774448731,81293.32833629358,2026-05-14
1778778049769,81594.45896822178,2026-05-14
1778781656078,81700.16059140985,2026-05-14
1778785214230,81590.6148904032,2026-05-14
1778788856885,81386.90364619115,2026-05-14
1778792440791,81368.81927128704,2026-05-14
1778796018283,81381.94694404372,2026-05-14
1778799604813,81418.22020889683,2026-05-14
1778803244336,81051.9828878728,2026-05-15
1778806856229,81487.62279226341,2026-05-15
1778810435428,81145.39406037347,2026-05-15
1778814011480,81285.34355768772,2026-05-15
1778817628158,81055.27674142539,2026-05-15
1778821246244,80770.59490895896,2026-05-15
1778824863954,80325.3288090536,2026-05-15
1778828463727,80557.777154733,2026-05-15
1778832070210,80796.51952614383,2026-05-15
1778835627070,80618.72075688612,2026-05-15
1778839247747,80436.75045952036,2026-05-15
1778842869044,80706.63243655507,2026-05-15
1778846421201,80606.09448486914,2026-05-15
1778850042577,80353.73089436247,2026-05-15
1778853642482,78742.81197902776,2026-05-15
1778857221370,79207.6625868325,2026-05-15
1778860854970,79140.59603088169,2026-05-15
1778864443047,79227.9952205075,2026-05-15
1778868060309,79414.04836193676,2026-05-15
1778871636331,79233.92614210196,2026-05-15
1778875242664,79121.1795650801,2026-05-15
1778878844465,79074.4828476354,2026-05-15
1778882448811,78960.85304787316,2026-05-15
1778886034278,79067.66378149157,2026-05-15
1778889659584,79071.54026748115,2026-05-16
1778893252902,79045.98956499087,2026-05-16
1778896828652,79124.94324558716,2026-05-16
1778900439072,79056.41601316098,2026-05-16
1778904029997,79057.8193456096,2026-05-16
1778907640057,78983.27028455223,2026-05-16
1778911243611,78943.79036564812,2026-05-16
1778914871774,78600.90413421272,2026-05-16
1778918453671,78335.77889292447,2026-05-16
1778922018734,78381.03314710695,2026-05-16
1778925660182,78054.51070754218,2026-05-16
1778929233785,77912.5167834028,2026-05-16
1778932840423,78051.93728239798,2026-05-16
1778936425024,77982.28628828519,2026-05-16
1778940038236,77959.3752388931,2026-05-16
1778943647572,78093.091820838,2026-05-16
1778947245210,78202.9161974475,2026-05-16
1778950842461,78138.05831742722,2026-05-16
1778954443663,78180.62622289089,2026-05-16
1778958003457,78198.39614142905,2026-05-16
1778961646859,78216.81663750052,2026-05-16
1778965227189,78225.72888066393,2026-05-16
1778968842168,78257.2390768038,2026-05-16
1778972439790,78156.22546207823,2026-05-16
1778976043668,78135.00994863857,2026-05-17
1778979636743,77882.3262379739,2026-05-17
1778983245701,77727.76142928877,2026-05-17
1778986809019,77869.83067879325,2026-05-17
1778990458556,77979.88187175932,2026-05-17
1778994072505,78124.20569826697,2026-05-17
1778997634358,78087.48797937523,2026-05-17
1779001272997,78065.68623550446,2026-05-17
1779004832327,78136.11266346957,2026-05-17
1779008405871,78051.86481993174,2026-05-17
1779012027506,78233.19909920012,2026-05-17
1779015664810,78400.27916520913,2026-05-17
1779019269541,78368.61791250898,2026-05-17
1779022843950,78329.31987604302,2026-05-17
1779026422361,78180.52204950555,2026-05-17
1779030048574,78020.49492571769,2026-05-17
1779033646182,78011.09225884621,2026-05-17
1779037247708,78012.92029538131,2026-05-17
1779040836102,78035.74701606306,2026-05-17
1779044439072,78195.87344032283,2026-05-17
1779048047329,78357.07027478493,2026-05-17
1779051611000,78253.23742415351,2026-05-17
1779055230487,78381.76639133113,2026-05-17
1779058845586,77927.94321509842,2026-05-17
1779062451831,77432.49532158482,2026-05-18
1779066049983,77113.76999246645,2026-05-18
1779069643229,77081.14895044707,2026-05-18
1779073217909,76766.43250777687,2026-05-18
1779076841153,76902.39831358608,2026-05-18
1779080408990,76993.05426448864,2026-05-18
1779084007911,76859.74311691838,2026-05-18
1779087642053,76873.53211450647,2026-05-18
1779091207189,77012.12004935036,2026-05-18
1779094826548,76981.44715886422,2026-05-18
1779098435719,76885.21648367132,2026-05-18
1779102048161,76755.92727194424,2026-05-18
1779105624973,77247.08712150832,2026-05-18
1779109201587,77580.45788279633,2026-05-18
1779112878061,76900.22553573406,2026-05-18
1779116413835,76310.83487159385,2026-05-18
1779120052766,76379.69769204907,2026-05-18
1779123638595,76378.03245877317,2026-05-18
1779127224305,76644.85000183797,2026-05-18
1779130829858,76201.13499806737,2026-05-18
1779134448713,76826.81155248074,2026-05-18
1779138031987,76875.459595518,2026-05-18
1779141637828,77059.8254962274,2026-05-18
1779145226306,76995.11844336234,2026-05-18
1779148843909,76952.2148594993,2026-05-19
1779152456632,77115.67918508459,2026-05-19
1779156032767,76662.75223604184,2026-05-19
1779159634357,76561.75331627803,2026-05-19
1779163232929,76711.84159629511,2026-05-19
1779166838609,76853.63688528951,2026-05-19
1779170438636,76866.66226018792,2026-05-19
1779174029987,76972.81195472868,2026-05-19
1779177613572,77163.06667781518,2026-05-19
1779181251805,77016.71228883085,2026-05-19
1779184857013,76761.03496632191,2026-05-19
1779188423973,76990.21123393172,2026-05-19
1779192019505,76669.24774787932,2026-05-19
1779195648660,76895.93036006749,2026-05-19
1779199228466,76817.60520358298,2026-05-19
1779202851330,76303.16796769164,2026-05-19
1779206412611,76435.07593855551,2026-05-19
1779210071409,76836.20168129544,2026-05-19
1779213635285,76764.16350432558,2026-05-19
1779217243024,76748.12847316008,2026-05-19
1779220810402,76749.63496080026,2026-05-19
1779224436075,76964.22931200596,2026-05-19
1779228050153,76941.07168562195,2026-05-19
1779231630309,76657.70732989699,2026-05-19
1779235209472,76752.95255055482,2026-05-20
1779238833532,76694.16347867198,2026-05-20
1779242468285,76752.76732486086,2026-05-20
1779246023669,76618.8095608257,2026-05-20
1779249630592,76660.10858790681,2026-05-20
1779253234287,76695.07866034079,2026-05-20
1779256851701,77109.62949335223,2026-05-20
1779260427638,77317.86766032185,2026-05-20
1779264035458,77197.76872528357,2026-05-20
1779267606586,77374.81435710962,2026-05-20
1779271222650,77391.89964897318,2026-05-20
1779274851591,77440.4028944954,2026-05-20
1779278409587,77317.01140638636,2026-05-20
1779282045632,77555.78541024856,2026-05-20
1779285650662,77095.28238178822,2026-05-20
1779289225001,77426.2854889925,2026-05-20
1779292806121,77358.58731311708,2026-05-20
1779296459604,77216.24695993384,2026-05-20
1779300035438,77488.3621133274,2026-05-20
1779303658661,77341.85466299231,2026-05-20
1779307244571,77612.83593302881,2026-05-20
1779310820706,77653.42041764109,2026-05-20
1779314410624,77459.82621158756,2026-05-20
1779318038479,77407.41652229207,2026-05-20
1779321650051,77459.94434557436,2026-05-21
1779325246722,77897.99240796451,2026-05-21
1779328808065,77787.12067906969,2026-05-21
1779332407153,77906.15965477488,2026-05-21
1779336055024,77998.92449437483,2026-05-21
1779339606275,77955.18081303046,2026-05-21
1779343209095,77708.75711657645,2026-05-21
1779346818050,77538.08178221434,2026-05-21
1779350416918,77801.70532719645,2026-05-21
1779354065066,77854.86524874257,2026-05-21
1779357606799,77590.61012107838,2026-05-21
1779361200254,77160.08546103875,2026-05-21
1779364874649,77129.2183062369,2026-05-21
1779368438027,77220.3436162166,2026-05-21
1779372009704,77004.92262840022,2026-05-21
1779375637500,76923.31167878033,2026-05-21
1779379263258,77180.16667552038,2026-05-21
1779382832388,77091.57107294537,2026-05-21
1779386463059,77879.9479276169,2026-05-21
1779390015426,77268.2484925712,2026-05-21
1779393640981,77629.6578120884,2026-05-21
1779397235437,77623.5780666652,2026-05-21
1779400843897,77593.42125955742,2026-05-21
1779404444089,77549.3027208868,2026-05-21
1779408040407,77546.33765297421,2026-05-22
1779411639366,77329.74568558167,2026-05-22
1779415257326,77519.0973810158,2026-05-22
1779418839090,77575.26613219114,2026-05-22
1779422476625,77689.64863872912,2026-05-22
1779426044136,77576.11365776238,2026-05-22
1779429624762,77434.44864744923,2026-05-22
1779433253353,77338.6805452457,2026-05-22
1779436844114,77324.99782768908,2026-05-22
1779440429758,77204.40488918967,2026-05-22
1779444047118,77225.78554990837,2026-05-22
1779447624666,77223.27179422832,2026-05-22
1779451248577,77321.51073719074,2026-05-22
1779454805042,77405.70610078031,2026-05-22
1779458435545,77159.30373001097,2026-05-22
1779462058057,76699.98651599968,2026-05-22
1779465655768,76716.98241226714,2026-05-22
1779469228674,76873.62249594941,2026-05-22
1779472827976,76681.7681851013,2026-05-22
1779476433943,76442.19264835134,2026-05-22
1779480054825,75784.62429980212,2026-05-22
1779483614646,75890.90629208337,2026-05-22
1779487242236,75909.30496418383,2026-05-22
1779490874868,75650.83264919114,2026-05-22
1779494427144,75482.52379955728,2026-05-23
1779498055005,75308.69543704066,2026-05-23
1779501631482,75391.63727313517,2026-05-23
1779505228357,75482.60880877408,2026-05-23
1779508823630,75547.72106173361,2026-05-23
1779512430210,75432.26111879738,2026-05-23
1779516043618,75390.38033389076,2026-05-23
1779519666509,75315.48120471499,2026-05-23
1779523215397,74501.44624467158,2026-05-23
1779526817082,74594.266948548,2026-05-23
1779530431604,74595.75522893954,2026-05-23
1779534064516,74634.15234894428,2026-05-23
1779537673459,74726.6276043982,2026-05-23
1779541218087,74647.68184277452,2026-05-23
1779544827217,75144.79632662662,2026-05-23
1779548443687,75490.81697182571,2026-05-23
1779552063297,75429.42744981844,2026-05-23
1779555660478,75385.51459468192,2026-05-23
1779559238964,75410.8931050197,2026-05-23
1779562837223,75763.66499380357,2026-05-23
1779566450914,75859.36223277515,2026-05-23
1779570048516,77083.62700362576,2026-05-23
1779573655137,76684.10937027646,2026-05-23
1779577232231,76485.46079733527,2026-05-23
1779580833731,76672.79289056802,2026-05-24
1779584415565,76741.90375698816,2026-05-24
1779588017100,76774.22321506299,2026-05-24
1779591608875,76741.4946148287,2026-05-24
1779595201276,76695.50871095517,2026-05-24
1779598872347,76697.91404045829,2026-05-24
1779602421905,76729.32392445345,2026-05-24
1779606043385,76895.45762366304,2026-05-24
1779609651837,76693.3389669575,2026-05-24
1779613262115,76726.07252032301,2026-05-24
1779616844439,76929.25849479125,2026-05-24
1779620452018,77091.63956548445,2026-05-24
1779624030722,77188.80275060053,2026-05-24
1779627642977,77020.46751212778,2026-05-24
1779631241001,76632.76877493666,2026-05-24
1779634852160,76365.91782606384,2026-05-24
1779638455477,76277.84004242295,2026-05-24
1779642046131,76585.62888759066,2026-05-24
1779645624086,76611.96032626045,2026-05-24
1779649244042,76577.2355801319,2026-05-24
1779652849632,76667.97493982174,2026-05-24
1779656434977,76536.70955926481,2026-05-24
1779660046697,76053.09286467356,2026-05-24
1779663646352,76711.6847806074,2026-05-24
1779667243538,76988.16126107218,2026-05-25
1779670839468,77042.18805297921,2026-05-25
1779674435265,76878.52160589892,2026-05-25
1779678022574,77013.51257203988,2026-05-25
1779681624484,76945.9993239736,2026-05-25
1779685276463,77293.18777284141,2026-05-25
1779688867744,77307.78666833728,2026-05-25
1779692417705,77319.4868518227,2026-05-25
1779696042000,77290.93658775333,2026-05-25
1779699614703,77352.26097057169,2026-05-25
1779703226067,77536.97533201851,2026-05-25
1779706818224,77466.16370614084,2026-05-25
1779710417241,77281.0986345333,2026-05-25
1779714056596,77311.3537794357,2026-05-25
1779717642206,77254.7240379568,2026-05-25
1779721213333,77630.86165853041,2026-05-25
1779724875667,77555.14791997749,2026-05-25
1779728465448,77664.64771662546,2026-05-25
1779732050257,77500.46084334655,2026-05-25
1779735634459,77480.72406742773,2026-05-25
1779739239607,77360.4216448523,2026-05-25
1779742853746,77209.92147894441,2026-05-25
1779746448444,77299.08289158458,2026-05-25
1779750040388,77092.594938148,2026-05-25
1779753640938,77274.40152182181,2026-05-26
1779757252590,76739.8657548095,2026-05-26
1779760850559,76682.97257385454,2026-05-26
1779764406389,76550.50541203901,2026-05-26
1779768019103,76583.60515878667,2026-05-26
1779771647815,76683.10076811445,2026-05-26
1779775251698,76808.79984328304,2026-05-26
1779778837650,76833.84606671348,2026-05-26
1779782449629,76626.94547904102,2026-05-26
1779786038465,76667.45509592198,2026-05-26
1779789637944,76583.86251168925,2026-05-26
1779793260161,77398.32265973478,2026-05-26
1779796859271,77124.5981377322,2026-05-26
1779800487890,77041.73401293685,2026-05-26
1779804076040,77147.59897886326,2026-05-26
1779807669217,76869.39131981676,2026-05-26
1779811309480,76384.17982752257,2026-05-26
1779814885406,76435.94992971321,2026-05-26
1779818517496,75905.676364339,2026-05-26
1779822147365,75724.21454561081,2026-05-26
1779825769281,75931.35584194178,2026-05-26
1779829380585,75994.62461604114,2026-05-26
1779832898552,75918.45385338327,2026-05-26
1779836473644,75636.67263339218,2026-05-26
1779840098949,75824.06332542913,2026-05-27
1779843756318,75847.70891897366,2026-05-27
1779847255394,75787.44304555315,2026-05-27
1779850870072,75710.14817498735,2026-05-27
1779854459757,75554.85695378832,2026-05-27
1779858054568,75477.54344710376,2026-05-27
1779861631411,75610.10208701751,2026-05-27
1779865250792,75719.03822003855,2026-05-27
1779868858117,75858.35142366614,2026-05-27
1779872462314,75754.84173398792,2026-05-27
1779876023263,75795.07457820661,2026-05-27
1779879672180,75808.64965275553,2026-05-27
1779883216672,75652.39887438538,2026-05-27
1779886822175,75605.32550642244,2026-05-27
1779890462798,74904.22831010737,2026-05-27
1779894034580,74921.34138561886,2026-05-27
1779897607365,75186.51344624023,2026-05-27
1779901247206,75181.6059945788,2026-05-27
1779904878106,74732.64177905432,2026-05-27
1779908429823,74885.42892893817,2026-05-27
1779912019029,74923.09084430357,2026-05-27
1779915635209,75154.74067952846,2026-05-27
1779919227230,74322.46254727744,2026-05-27
1779922831563,74346.87605567365,2026-05-27
1779926445190,74352.69928002391,2026-05-28
1779930012700,74425.57996613014,2026-05-28
1779933622121,74227.63340564318,2026-05-28
1779937212433,74181.84397705716,2026-05-28
1779940816008,73131.57748263904,2026-05-28
1779944426016,73052.85765963126,2026-05-28
1779948048695,72875.90960868284,2026-05-28
1779951606782,73048.6755154588,2026-05-28
1779955220433,73337.44824176798,2026-05-28
1779958840281,73200.07694076093,2026-05-28
1779962441776,73418.1434928209,2026-05-28
1779966034290,73306.30442344282,2026-05-28
1779969617659,73384.84392551462,2026-05-28
1779973254903,73400.04206495249,2026-05-28
1779976847604,72898.65501360953,2026-05-28
1779980429946,72889.8326730699,2026-05-28
1779984013790,72785.65043331202,2026-05-28
1779987633410,73303.01923214295,2026-05-28
1779991241489,73451.99068403647,2026-05-28
1779994848955,73550.79256299682,2026-05-28
1779998449747,73343.3487732116,2026-05-28
1780002052277,73482.95850574436,2026-05-28
1780005618186,73739.61799518361,2026-05-28
1780009217139,73370.36217240569,2026-05-28
1780012835175,73539.84189606174,2026-05-29
1780016411039,73613.0938173537,2026-05-29
1780020050034,73490.21978575047,2026-05-29
1780023651257,73112.31168568574,2026-05-29
1780027209565,73195.82372288709,2026-05-29
1780030818364,73401.22135906796,2026-05-29
1780034459768,73559.19835591863,2026-05-29
1780038021150,73673.46591664334,2026-05-29
1780041640855,73373.04416373577,2026-05-29
1780045229068,73539.89255044883,2026-05-29
1780048832186,73634.9177050287,2026-05-29
1780052428147,73570.16949009337,2026-05-29
1780056049409,73359.79897581557,2026-05-29
1780059628171,73197.21940706698,2026-05-29
1780063266839,73084.79098935658,2026-05-29
1780066849714,73008.29234582045,2026-05-29
1780070443238,73706.34296495169,2026-05-29
1780074048853,73944.31695316517,2026-05-29
1780077677066,73892.76714522223,2026-05-29
1780081278966,73252.6083321136,2026-05-29
1780084853100,73434.12862855184,2026-05-29
1780088419597,73559.98860906989,2026-05-29
1780092030539,73344.37491505673,2026-05-29
1780095618557,73390.22023302269,2026-05-29
1780099251752,73382.71831425565,2026-05-30
1780102860933,73457.7783083073,2026-05-30
1780106446534,73554.13465016182,2026-05-30
1780110017496,73678.65004220484,2026-05-30
1780113639809,73433.26929675156,2026-05-30
1780117234949,73295.06859327725,2026-05-30
1780120828493,73510.97929090264,2026-05-30
1780124456642,73493.48462333863,2026-05-30
1780128039055,73452.81151927126,2026-05-30
1780131631523,73415.52758611648,2026-05-30
1780135214638,73507.7904924995,2026-05-30
1780138844276,73519.54163045478,2026-05-30
1780142405027,73496.47625755738,2026-05-30
1780146050180,73588.23593614336,2026-05-30
1780149662729,73722.3676313432,2026-05-30
1780153238856,73828.59561634924,2026-05-30
1780156821045,73821.07392012235,2026-05-30
1780160449023,73824.47674568712,2026-05-30
1780164025452,73905.67706275536,2026-05-30
1780167657116,73937.87641153632,2026-05-30
1780171201110,73913.8274514589,2026-05-30
1780174844304,73851.4608190981,2026-05-30
1780178429188,73860.46182726156,2026-05-30
1780182039104,73769.5162114231,2026-05-30
1780185669596,73751.06787328025,2026-05-31
1780189265071,73920.31473177562,2026-05-31
1780192804491,73947.08282622244,2026-05-31
1780196446996,73964.96159780983,2026-05-31
1780200051666,74044.26528775951,2026-05-31
1780203654306,74090.7911820739,2026-05-31
1780207264178,73959.32784866802,2026-05-31
1780210862877,73950.51602071009,2026-05-31
1780214445172,73771.70365286582,2026-05-31
1780218035131,73836.47422326881,2026-05-31
1780221673076,73735.32639822178,2026-05-31
1780225200841,73777.55592280244,2026-05-31
1780228863884,73856.28538196295,2026-05-31
1780232427379,73807.57929483295,2026-05-31
1780236036121,73762.76278542812,2026-05-31
1780239646021,73524.85711770532,2026-05-31
1780243259307,73547.48551983605,2026-05-31
1780246849232,73425.39840959723,2026-05-31
1780250442778,73587.49530597204,2026-05-31
1780254048467,73522.96535084966,2026-05-31
1780257643553,73457.31960126235,2026-05-31
1780261243659,73638.60211812168,2026-05-31
1780264848327,73773.5878451807,2026-05-31
1780268402441,73876.60588468595,2026-05-31
1780272082489,73570.21708273572,2026-06-01
1780275650060,73797.23146758995,2026-06-01
1780279260079,73223.84734520393,2026-06-01
1780282894135,73683.50449016532,2026-06-01
1780286466269,73648.95999568363,2026-06-01
1780290037198,73457.98254562725,2026-06-01
1780293603512,73258.64989797205,2026-06-01
1780297226023,73022.22591311394,2026-06-01
1780300828685,72720.45685389063,2026-06-01
1780304467526,72803.2998427692,2026-06-01
1780308047300,72791.34886625511,2026-06-01
1780311676451,72661.72960466995,2026-06-01
1780315215034,72393.50490980071,2026-06-01
1780318864737,72121.5042474048,2026-06-01
1780322423681,71565.27763686831,2026-06-01
1780326041955,71370.97144566885,2026-06-01
1780329620219,70980.94428936618,2026-06-01
1780333243962,71444.9494361865,2026-06-01
1780336818975,71590.27965912364,2026-06-01
1780340458162,71426.04625445513,2026-06-01
1780344047115,71477.23635876295,2026-06-01
1780347616867,71357.87221552467,2026-06-01
1780351210467,70961.43860445131,2026-06-01
1780354841177,71348.66693075797,2026-06-01
1780358481869,71320.09989733889,2026-06-02
1780362047160,71192.44061761745,2026-06-02
1780365602028,70674.10440972645,2026-06-02
1780369240666,70674.80956731385,2026-06-02
1780372854165,70843.70785372073,2026-06-02
1780376456606,70691.15966467188,2026-06-02
1780380035057,70214.16564960449,2026-06-02
1780383667976,70000.21398988042,2026-06-02
1780387235516,70030.71612208706,2026-06-02
1780390810749,69693.37351195673,2026-06-02
1780394408674,69306.63700406029,2026-06-02
1780398053903,69578.00514153196,2026-06-02
1780401639917,69420.75178246271,2026-06-02
1780405251408,68980.48546837036,2026-06-02
1780408850339,68675.1626071005,2026-06-02
1780412451973,67930.07409871208,2026-06-02
1780416082047,67191.73015711248,2026-06-02
1780419624023,67362.14205456393,2026-06-02
1780423250152,67404.07411111722,2026-06-02
1780426835593,67237.49694150225,2026-06-02
1780430450321,67136.44638471157,2026-06-02
1780434052139,67516.11124047743,2026-06-02
1780437654965,67506.15240585305,2026-06-02
1780441249247,66315.56201635316,2026-06-02
1780444848541,66694.75326849708,2026-06-03
1780448408102,66904.28033960726,2026-06-03
1780452033811,66837.48168582759,2026-06-03
1780455628639,66537.19525872204,2026-06-03
1780459277993,65748.90161657339,2026-06-03
1780462867684,66372.87729551546,2026-06-03
1780466440103,67269.89806999358,2026-06-03
1780470068161,66909.54150769791,2026-06-03
1780473605942,67140.16922883953,2026-06-03
1780477257355,66933.36097066435,2026-06-03
1780480872957,67022.31101694723,2026-06-03
1780484439574,67188.43003131494,2026-06-03
1780488021343,66977.29313650142,2026-06-03
1780491601129,66995.05270697792,2026-06-03
1780495265438,66787.44899622556,2026-06-03
1780498829310,66773.00251408429,2026-06-03
1780502476584,66021.94863941765,2026-06-03
1780506070070,65968.79694833071,2026-06-03
1780509655495,65889.62293347699,2026-06-03
1780513261333,65964.97305565678,2026-06-03
1780516837368,65357.46528836223,2026-06-03
1780520436580,64879.65513355368,2026-06-03
1780524039726,65671.24348348453,2026-06-03
1780527616589,64813.38289563199,2026-06-03
1780531227834,64021.88915867498,2026-06-04
1780534838197,63155.43270867277,2026-06-04
1780538431637,62114.887626138094,2026-06-04
1780542063861,63156.12673184157,2026-06-04
1780545658700,64273.24836698033,2026-06-04
1780549206857,64303.610991445654,2026-06-04
1780552843323,63877.100437640045,2026-06-04
1780556451869,63969.861077072135,2026-06-04
1780560036644,63609.23962456499,2026-06-04
1780563662353,63562.82491603272,2026-06-04
1780567205689,63116.395422335314,2026-06-04
1780570833811,62388.618859522845,2026-06-04
1780574401343,62450.80905208616,2026-06-04
1780578056605,63671.58499621012,2026-06-04
1780581651986,64009.791802204076,2026-06-04
1780585244791,63870.93213050547,2026-06-04
1780588859157,63902.43300939559,2026-06-04
1780592461690,63515.997510119945,2026-06-04
1780596049531,63455.380634760535,2026-06-04
1780599658245,63778.125947749315,2026-06-04
1780603259197,63570.97734057268,2026-06-04
1780606838053,63540.57039825781,2026-06-04
1780610441688,63243.8582040147,2026-06-04
1780614049016,63661.25254140083,2026-06-04
1780617640568,63796.2543917893,2026-06-05
1780621250477,63380.11051713282,2026-06-05
1780624815688,63307.94041654308,2026-06-05
1780628422034,62563.106314788616,2026-06-05
1780632078819,62650.54773800535,2026-06-05
1780635653366,63384.29445196668,2026-06-05
1780639260546,62373.71848187581,2026-06-05
1780642825101,61877.241195372124,2026-06-05
1780646453037,62930.428692593974,2026-06-05
1780650017812,62394.09363525867,2026-06-05
1780653613361,62783.274232285476,2026-06-05
1780657272496,62492.06747682221,2026-06-05
1780660838830,61971.075991069585,2026-06-05
1780664459512,61909.86088936547,2026-06-05
1780668069642,60758.42527146145,2026-06-05
1780671670814,60787.48456481218,2026-06-05
1780675277858,60465.2518621624,2026-06-05
1780678876858,61400.834034237996,2026-06-05
1780682472528,60761.4584135615,2026-06-05
1780686018277,59353.42034890553,2026-06-05
1780689660959,60317.1980969419,2026-06-05
1780693209064,61633.1025067623,2026-06-05
1780696848826,61643.666878418364,2026-06-05
1780700435042,61658.390515035404,2026-06-05
1780704029699,60921.79441516493,2026-06-06
1780707649014,61271.40244548539,2026-06-06
1780711250248,61080.8546109545,2026-06-06
1780714851159,60951.51530057916,2026-06-06
1780718412748,60670.4415940172,2026-06-06
1780722059114,60073.171592618724,2026-06-06
1780725658154,60915.06975241639,2026-06-06
1780729250944,60742.468959847494,2026-06-06
1780732853484,60977.17981505444,2026-06-06
1780736442821,61282.9313998945,2026-06-06
1780740018022,60966.96489309166,2026-06-06
1780743653682,60522.4177580613,2026-06-06
1780747248156,60766.97161805294,2026-06-06
1780750856416,61010.48847465796,2026-06-06
1780754409758,60783.60690260497,2026-06-06
1780758027814,60801.25071653321,2026-06-06
1780761662475,60787.40516761303,2026-06-06
1780765248959,60717.331369021034,2026-06-06
1780768836782,60544.17676509025,2026-06-06
1780772450488,60632.13314693318,2026-06-06
1780776057904,60600.08126481232,2026-06-06
1780779636419,60702.280740364564,2026-06-06
1780783249532,60747.38643397402,2026-06-06
1780786832555,60583.529858700254,2026-06-06
1780790441943,60861.88012897632,2026-06-07
1780794049706,60761.620629732344,2026-06-07
1780797646667,61471.63828191639,2026-06-07
1780801239301,61492.783358280816,2026-06-07
1780804840103,61664.738019211065,2026-06-07
1780808445744,61867.507645404425,2026-06-07
1780812073537,61731.036831240555,2026-06-07
1780815669540,62108.17618467483,2026-06-07
1780819260879,62354.65926384663,2026-06-07
1780822829706,62799.61706024372,2026-06-07
1780826467608,62515.786540524714,2026-06-07
1780830019410,62356.89936048305,2026-06-07
1780833642023,62592.24803571717,2026-06-07
1780837257655,61899.44056352343,2026-06-07
1780840834998,61708.48517537129,2026-06-07
1780844414691,61869.12182419518,2026-06-07
1780848046444,62040.156956288505,2026-06-07
1780851671565,62019.38150876778,2026-06-07
1780855214102,62139.10458449485,2026-06-07
1780858828087,62065.13471974559,2026-06-07
1780862403269,61277.73988404787,2026-06-07
1780866030661,61896.18584598038,2026-06-07
1780869642009,61736.49926860991,2026-06-07
1780873209544,62898.83562473381,2026-06-07
1780876850798,63254.57215050675,2026-06-08
1780880451746,63591.55171282999,2026-06-08
1780884074744,63135.73442175301,2026-06-08
1780887621420,63092.973825538276,2026-06-08
1780891245095,63097.738678422604,2026-06-08
1780894842467,62746.110994682225,2026-06-08
1780898451458,62686.89031970495,2026-06-08
1780902033130,62955.75468147986,2026-06-08
1780905633105,63263.6371523138,2026-06-08
1780909214041,63105.120267771585,2026-06-08
1780912850451,63430.00505978389,2026-06-08
1780916447288,63090.98170944541,2026-06-08
1780920046655,63416.52653265283,2026-06-08
1780923644859,63784.417012630474,2026-06-08
1780927249040,63717.79786623143,2026-06-08
1780930812000,63975.150617444626,2026-06-08
1780934477599,63731.845419079924,2026-06-08
1780938076293,63455.42095436701,2026-06-08
1780941652793,63486.55749595917,2026-06-08
1780945215721,63426.94217807585,2026-06-08
1780948819434,63364.111069051134,2026-06-08
1780952444477,63429.52697889757,2026-06-08
1780956073717,63758.168414545864,2026-06-08
1780959634400,63404.5448567149,2026-06-08
1780963224671,63078.44049480062,2026-06-09
1780966858143,62521.10105576993,2026-06-09
1780970432267,62764.01753232251,2026-06-09
1780974001920,62824.67788347735,2026-06-09
1780977665530,62839.35254293068,2026-06-09
1780981225851,63231.29657420249,2026-06-09
1780984831236,63309.01004093081,2026-06-09
1780988440097,63246.48358224153,2026-06-09
1780992068006,63164.25608395359,2026-06-09
1780995639897,62823.55164337146,2026-06-09
1780999227131,62688.51554928853,2026-06-09
1781002869453,62762.48564583781,2026-06-09
1781006400318,62681.14701021562,2026-06-09
1781010049573,62538.666070313615,2026-06-09
1781013621636,62332.828912384895,2026-06-09
1781017244752,61419.43726564442,2026-06-09
1781020838378,61108.39138911923,2026-06-09
1781024428711,61363.11019490096,2026-06-09
1781028053996,61681.90858983838,2026-06-09
1781031600683,61757.899290796486,2026-06-09
1781035268617,62024.58648570189,2026-06-09
1781038820122,62075.32494378098,2026-06-09
1781042418167,61678.19932637624,2026-06-09
1781046034813,61649.10953241255,2026-06-09
1781049649563,61658.28493108778,2026-06-10
1781053241230,61839.77059178349,2026-06-10
1781056846372,61668.9816840662,2026-06-10
1781060448967,61292.9080724835,2026-06-10
1781064052150,61496.93202019679,2026-06-10
1781067664945,61223.551579718725,2026-06-10
1781071227435,61303.38099989141,2026-06-10
1781074842647,61425.66499549835,2026-06-10
1781078442486,61647.38692586603,2026-06-10
1781082066790,61216.832016828615,2026-06-10
1781085614303,61283.353538509014,2026-06-10
1781089246993,61344.54188670831,2026-06-10
1781092839627,60996.128040922595,2026-06-10
1781096436332,61584.534192559164,2026-06-10
1781100064066,62075.453827768506,2026-06-10
1781103665273,61980.755226660855,2026-06-10
1781107246222,62623.647434555314,2026-06-10
1781110830129,62133.14107393966,2026-06-10
1781114442865,61927.62470820218,2026-06-10
1781118030483,61806.87304374298,2026-06-10
1781121618371,61941.027330796045,2026-06-10
1781125242199,61719.94638874202,2026-06-10
1781128837845,61230.51600625681,2026-06-10
1781132412767,61356.371009591996,2026-06-10
1781136052585,61464.23949995995,2026-06-11
1781139602338,61803.34636963933,2026-06-11
1781143229731,62171.234316802744,2026-06-11
1781146808321,62116.95254207385,2026-06-11
1781150413284,62662.389097257146,2026-06-11
1781154013383,62649.995463096144,2026-06-11
1781157660582,62583.47363710605,2026-06-11
1781161222049,62706.43743519868,2026-06-11
1781164822576,62646.07013470698,2026-06-11
1781168435166,62860.019279567176,2026-06-11
1781172039874,62854.72263200298,2026-06-11
1781175610193,63079.36499333171,2026-06-11
1781179263236,63058.39424840454,2026-06-11
1781182849224,62961.683346341044,2026-06-11
1781186407346,62989.67386103632,2026-06-11
1781190046762,62721.453316968335,2026-06-11
1781193651421,62640.73151783662,2026-06-11
1781197219374,62522.238666573896,2026-06-11
1781200814142,63428.66958227789,2026-06-11
1781204430271,63430.60629621195,2026-06-11
1781208018284,63576.83681249627,2026-06-11
1781211614034,63331.14667252403,2026-06-11
1781215244172,63428.355598163755,2026-06-11
1781218849560,63477.65630121868,2026-06-11
1781222425651,63552.30087011473,2026-06-12
1781226022501,63580.00819320512,2026-06-12
1781229640010,63342.485741978475,2026-06-12
1781233204089,63506.29080858776,2026-06-12
1781236852892,63434.98694269971,2026-06-12
1781240429279,63619.2683507374,2026-06-12
1781244057605,63292.28300432518,2026-06-12
1781247624873,62906.10966879114,2026-06-12
1781251227651,63021.359958826964,2026-06-12
1781254860064,63389.801358006895,2026-06-12
1781258403081,63724.00769013387,2026-06-12
1781262062043,63636.603117999526,2026-06-12
1781265646079,63730.623656376774,2026-06-12
1781269253494,63405.206177959175,2026-06-12
1781272855295,63105.325352929416,2026-06-12
1781276460314,63898.78747971838,2026-06-12
1781280056109,63625.06317356082,2026-06-12
1781283656789,63917.73346484142,2026-06-12
1781287214416,63811.24925829858,2026-06-12
1781290841090,63677.0960776868,2026-06-12
1781294454562,63582.806131574594,2026-06-12
1781298042966,63427.61776228317,2026-06-12
1781301672098,63453.028203198715,2026-06-12
1781305206592,63474.25336205742,2026-06-12
1781308825891,63532.49559512626,2026-06-13
1781312445160,63597.02203692289,2026-06-13
1781316012531,63775.20757588661,2026-06-13
1781319655042,63608.14534923633,2026-06-13
1781323229678,63505.788873048805,2026-06-13
1781326804079,63487.16345110324,2026-06-13
1781330466090,63513.93729161154,2026-06-13
1781334069276,63694.29154869962,2026-06-13
1781337626846,63781.418199130865,2026-06-13
1781341236730,63779.54391634056,2026-06-13
1781344867063,63717.365517844344,2026-06-13
1781348469161,63796.66628118353,2026-06-13
1781352061945,63926.68507690926,2026-06-13
1781355636067,64126.18861050401,2026-06-13
1781359251062,64060.27402849239,2026-06-13
1781362817220,64184.39547780278,2026-06-13
1781366457389,64270.750199011265,2026-06-13
1781370009304,63964.556061772084,2026-06-13
1781373609461,63944.08714863861,2026-06-13
1781377242046,64115.78119423838,2026-06-13
1781380844188,64278.03702009804,2026-06-13
1781384441682,64246.54794773648,2026-06-13
1781388041933,64449.72820590796,2026-06-13
1781391645275,64437.99982792179,2026-06-13
1781395230014,64415.22089619007,2026-06-14
1781398850140,64514.75328561332,2026-06-14
1781402423345,64561.23046799117,2026-06-14
1781406048145,64472.06685587077,2026-06-14
1781409633456,64510.53014880548,2026-06-14
1781413238003,64353.64117555976,2026-06-14
1781416830501,64331.793700305214,2026-06-14
1781420438908,64253.568988831044,2026-06-14
1781424045637,64397.3738759612,2026-06-14
1781427645567,64425.782631157344,2026-06-14
1781431216426,64574.26111468874,2026-06-14
1781434837512,64492.72780715823,2026-06-14
1781438423897,64524.82045656817,2026-06-14
1781442046571,64294.67183468997,2026-06-14
1781445651313,64287.823273260045,2026-06-14
1781449219336,63922.43468259581,2026-06-14
1781452834620,64006.579338015246,2026-06-14
1781456453813,63917.72656499487,2026-06-14
1781460015879,63691.244044291685,2026-06-14
1781463634301,63774.73223241228,2026-06-14
1781467211965,63759.51013798688,2026-06-14
1781470837554,63987.738180436216,2026-06-14
1781474442156,65311.25348726413,2026-06-14
1781478048515,65347.35215463668,2026-06-14
1781481634363,65713.6235604093,2026-06-15
1781485238725,65593.97025078039,2026-06-15
1781488805510,65460.46466949333,2026-06-15
1781492443746,65412.919906986936,2026-06-15
1781496056768,65874.8516420869,2026-06-15
1781499631102,65624.31317183514,2026-06-15
1781503231084,65811.95187227325,2026-06-15
1781506843167,65789.45846041392,2026-06-15
1781510475860,65620.13052244934,2026-06-15
1781514027143,65647.1556706323,2026-06-15
1781517670084,65547.09575903144,2026-06-15
1781521225139,65859.39810736204,2026-06-15
1781524873461,66176.6769963115,2026-06-15
1781528404561,66529.06791842816,2026-06-15
1781532071642,66428.78654700873,2026-06-15
1781535618967,66586.24781846616,2026-06-15
1781539225207,67203.74322201993,2026-06-15
1781542847846,67153.08380931441,2026-06-15
1781546474485,66828.6012908173,2026-06-15
1781550050796,66769.46335691397,2026-06-15
1781553632991,66550.76685016969,2026-06-15
1781557257389,66491.03224606764,2026-06-15
1781560815822,66344.9252660968,2026-06-15
1781564430217,66179.29479665706,2026-06-15
1781568047700,66300.03552398227,2026-06-16
1781571648556,66234.34991001834,2026-06-16
1781575216641,66304.20148317334,2026-06-16
1781578842800,65679.58893459836,2026-06-16
1781582418135,66107.3904460563,2026-06-16
1781586005936,65832.02266577541,2026-06-16
1781589628169,66041.37651002446,2026-06-16
1781593255717,66420.43661274928,2026-06-16
1781596851480,66330.87359644237,2026-06-16
1781600457275,66894.71556610646,2026-06-16
1781604041754,66478.07109056243,2026-06-16
1781607650859,66456.89263167174,2026-06-16
1781611241643,66415.61928528006,2026-06-16
1781614852764,66378.38209679187,2026-06-16
1781618433591,66044.09472728668,2026-06-16
1781622057862,65615.21176154546,2026-06-16
1781625604518,65856.94616022993,2026-06-16
1781629248276,65724.78187447831,2026-06-16
1781632832622,65887.3354905345,2026-06-16
1781636437769,65792.27027664907,2026-06-16
1781640045962,65562.40822818082,2026-06-16
1781643636927,65791.43457939313,2026-06-16
1781647239287,65712.0073438524,2026-06-16
1781650824814,65716.96186335573,2026-06-16
1781654433673,65606.96732060197,2026-06-17
1781658027486,65697.03531324727,2026-06-17
1781661642355,65872.4798591013,2026-06-17
1781665266693,65846.91715363193,2026-06-17
1781668813793,65750.37281615617,2026-06-17
1781672429934,65841.73204515975,2026-06-17
1781676067828,65771.89595947663,2026-06-17
1781679604024,65555.14979706943,2026-06-17
1781683270623,65469.460950432134,2026-06-17
1781686873115,64890.84924045815,2026-06-17
1781690422147,64822.102006656045,2026-06-17
1781694016555,64724.80750993822,2026-06-17
1781697621977,64774.91599569361,2026-06-17
1781701222952,64967.98785803342,2026-06-17
1781704833768,65219.99577953564,2026-06-17
1781708410387,65065.51501590257,2026-06-17
1781712054645,65672.10190013683,2026-06-17
1781715659045,65834.73375345417,2026-06-17
1781719221765,65994.5858308102,2026-06-17
1781722834005,65446.44021870849,2026-06-17
1781726450739,64181.05545225444,2026-06-17
1781730016056,64356.15614101028,2026-06-17
1781733602226,64204.80170033092,2026-06-17
1781737233293,64280.19828331087,2026-06-17
1781740831044,64422.57366477588,2026-06-18
1781744453977,64415.3448923168,2026-06-18
1781748037240,64498.0596375187,2026-06-18
1781751632284,64648.40575953906,2026-06-18
1781755241831,64231.04408260966,2026-06-18
1781758845597,63883.22849894649,2026-06-18
1781762466245,63928.438252364365,2026-06-18
1781766041136,64040.80792898535,2026-06-18
1781769650267,64426.68374055879,2026-06-18
1781773245568,64351.66443233458,2026-06-18
1781776853830,64156.527564594006,2026-06-18
1781780422284,64060.324493329135,2026-06-18
1781784056469,63915.19857732089,2026-06-18
1781787643173,64309.78028980231,2026-06-18
1781791242798,63854.8919952108,2026-06-18
1781794868483,63773.94493559738,2026-06-18
1781798451194,62303.962298981154,2026-06-18
1781802032660,62623.496621262675,2026-06-18
1781805644891,62504.71283524252,2026-06-18
1781809257232,62612.25853715704,2026-06-18
1781812859102,62910.5015748242,2026-06-18
1781816451672,63029.59478538174,2026-06-18
1781820017431,62923.544491029694,2026-06-18
1781823641019,62822.605621537536,2026-06-18
1781827259810,62900.22709317204,2026-06-19
1781830858286,62929.92898531401,2026-06-19
1781834413643,62964.79135675775,2026-06-19
1781838022308,62942.36428294927,2026-06-19
1781841605338,62719.4992006861,2026-06-19
1781845244997,62384.21561780186,2026-06-19
1781848816423,62673.439793011086,2026-06-19
1781852443149,62850.70648920113,2026-06-19
1781856006691,62557.954778312,2026-06-19
1781859638737,62524.43579013089,2026-06-19
1781863217095,62348.91122269732,2026-06-19
1781866845434,62487.998579343024,2026-06-19
1781870443570,62577.202538005855,2026-06-19
1781874059260,62729.45075831364,2026-06-19
1781877648772,63175.98074164291,2026-06-19
1781881240330,63148.3861884272,2026-06-19
1781884827113,63159.432954581534,2026-06-19
1781888414410,62934.94732450514,2026-06-19
1781892043431,63148.481990645334,2026-06-19
1781895656736,63042.82637725984,2026-06-19
1781899274325,62959.09109524105,2026-06-19
1781902820968,63195.2284343016,2026-06-19
1781906456646,63012.32825754403,2026-06-19
1781910037422,63266.15709765246,2026-06-19
1781913669957,63513.65867862926,2026-06-20
1781917205538,63496.158339193826,2026-06-20
1781920864043,63510.90036668932,2026-06-20
1781924449560,63304.890670990404,2026-06-20
1781928025869,63379.40256078363,2026-06-20
1781931614950,63502.82002490304,2026-06-20
1781935256484,63616.95037618205,2026-06-20
1781938834888,63681.380836533914,2026-06-20
1781942437514,63621.05910459087,2026-06-20
1781946052239,63351.08268255933,2026-06-20
1781949638240,63679.2308895568,2026-06-20
1781953247901,63606.56270077006,2026-06-20
1781956809287,63619.35732609742,2026-06-20
1781960449169,63585.73091015975,2026-06-20
1781964026396,63362.43392790553,2026-06-20
1781967664239,63894.21615280764,2026-06-20
1781971245439,64062.833768911434,2026-06-20
1781974824886,63943.04118715367,2026-06-20
1781978455210,63784.922563789114,2026-06-20
1781982048292,63725.97689907947,2026-06-20
1781985633127,63853.1671355726,2026-06-20
1781989248639,63848.028045326435,2026-06-20
1781992841295,63934.59027569325,2026-06-20
1781996408450,64230.359598341056,2026-06-20
1782000074526,64240.23278038838,2026-06-21
1782003662626,64217.24097636916,2026-06-21
1782007211967,64191.186350054384,2026-06-21
1782010808248,64186.60079332979,2026-06-21
1782014437868,64362.421773695045,2026-06-21
1782018071776,64210.079461463036,2026-06-21
1782021619800,64182.552305195,2026-06-21
1782025271108,64221.92326540055,2026-06-21
1782028829155,64127.25467229687,2026-06-21
1782032432606,63926.36278043242,2026-06-21
1782036032905,64135.487232232656,2026-06-21
1782039623060,64279.45257624553,2026-06-21
1782043236305,64075.9827674072,2026-06-21
1782046854665,64121.742128811944,2026-06-21
1782050406712,64040.79854664274,2026-06-21
1782054032750,64049.07486151821,2026-06-21
1782057651287,64164.14040212614,2026-06-21
1782060998000,64082.812527038455,2026-06-21
